"Time (s)","X (m/s^2)","Y (m/s^2)","Z (m/s^2)"
-1.055791683E-3,-3.064876556E0,4.848267975E0,7.829767914E0
8.893208316E-3,-2.971620483E0,4.789589996E0,7.860753479E0
1.884120834E-2,-2.943329315E0,4.732408905E0,7.826325073E0
2.879020834E-2,-2.995720367E0,4.736899567E0,7.690707092E0
3.873920834E-2,-3.028502197E0,4.792583771E0,7.402406616E0
4.868720833E-2,-2.996768188E0,4.807552643E0,7.003186798E0
5.863620833E-2,-2.918930054E0,4.868176575E0,6.759942627E0
6.858520833E-2,-2.822081451E0,4.825964355E0,6.620432739E0
7.853320832E-2,-2.672692108E0,4.755460968E0,6.634802856E0
8.848220832E-2,-2.493365021E0,4.721631317E0,6.961273956E0
9.843020834E-2,-2.276016998E0,4.621190186E0,7.415878601E0
1.083792083E-1,-2.077529755E0,4.588558044E0,7.889942780E0
1.183282083E-1,-1.961970062E0,4.616400146E0,8.273744659E0
1.282762083E-1,-1.930984497E0,4.678520966E0,8.448431396E0
1.382252083E-1,-1.942360840E0,4.815935211E0,8.394244080E0
1.481742083E-1,-1.901346130E0,4.993316345E0,8.177345123E0
1.581222083E-1,-1.830992432E0,5.124593353E0,7.870782623E0
1.680712083E-1,-1.803449707E0,5.144651642E0,7.458390198E0
1.780202083E-1,-1.756297760E0,4.692591705E0,7.185208282E0
1.879682083E-1,-1.649869080E0,4.066892853E0,6.921456757E0
1.979172083E-1,-1.624571686E0,3.734583893E0,6.861581268E0
2.078662083E-1,-1.638492737E0,3.595822449E0,7.128625946E0
2.178142083E-1,-1.502874756E0,3.501219177E0,7.691455536E0
2.277632083E-1,-1.264270935E0,3.377725983E0,8.810528412E0
2.377122083E-1,-1.058149567E0,3.381019135E0,9.709708557E0
2.476602083E-1,-6.984475708E-1,3.327729950E0,1.011222153E1
2.576092083E-1,-4.779560852E-1,3.183579712E0,1.066292633E1
2.675582083E-1,-3.224295044E-1,3.175346832E0,1.094868210E1
2.775062083E-1,-1.779798889E-1,3.164718933E0,1.101439545E1
2.874552083E-1,-1.073268127E-1,3.173550568E0,1.082189575E1
2.974042083E-1,-1.124162292E-1,3.231031036E0,1.020802231E1
3.073522083E-1,-2.022294617E-1,3.235521698E0,9.356742554E0
3.173012083E-1,-3.573069763E-1,3.228935394E0,8.530909882E0
3.272502083E-1,-4.376898193E-1,3.040477295E0,7.932903442E0
3.371982083E-1,-5.528004456E-1,2.896476746E0,7.728428650E0
3.471472083E-1,-6.276448059E-1,3.044818268E0,8.038883057E0
3.570962083E-1,-7.333250427E-1,3.086731110E0,8.694220276E0
3.670442083E-1,-7.048841858E-1,3.039429474E0,9.525142365E0
3.769932083E-1,-5.239105225E-1,2.940485229E0,1.047177383E1
3.869422083E-1,-2.565664673E-1,2.951711884E0,1.138457565E1
3.968902083E-1,-2.137554932E-1,3.040477295E0,1.196925980E1
4.068392083E-1,-1.679507446E-1,2.749183044E0,1.167048111E1
4.167872083E-1,-1.136137390E-1,2.415975952E0,1.104702759E1
4.267362083E-1,-9.415420532E-2,2.215842133E0,1.067460205E1
4.366852083E-1,4.251159668E-2,1.982477417E0,1.029139893E1
4.466342083E-1,2.007325745E-1,1.732347565E0,1.002659958E1
4.565822083E-1,2.730322266E-1,1.374890900E0,9.815239105E0
4.665312083E-1,4.969665527E-1,1.041983185E0,9.664352875E0
4.764792083E-1,7.222480774E-1,8.801696777E-1,9.818083191E0
4.864282083E-1,7.958949280E-1,8.002359009E-1,1.022987686E1
4.963772083E-1,7.999365234E-1,8.250842285E-1,1.060439804E1
5.063252083E-1,7.967930603E-1,8.885522461E-1,1.052880524E1
5.162742083E-1,1.012494507E0,1.001417542E0,1.019574783E1
5.262232083E-1,1.227148132E0,1.141825562E0,9.792785797E0
5.361712083E-1,1.021775208E0,1.320104828E0,9.515711975E0
5.461202083E-1,3.396437073E-1,1.536554718E0,9.372310181E0
5.560692083E-1,-5.212161255E-1,1.720971222E0,9.359736328E0
5.660172083E-1,-1.100661163E0,1.848506012E0,9.444310455E0
5.759662083E-1,-1.169517975E0,1.939217377E0,9.325906677E0
5.859152083E-1,-1.062640228E0,2.026485901E0,8.904981995E0
5.958632083E-1,-1.073866882E0,2.094893646E0,8.460256805E0
6.058122083E-1,-1.267863464E0,2.177372131E0,7.998167725E0
6.157612083E-1,-1.471440125E0,2.210453339E0,7.801027679E0
6.257092083E-1,-1.556313629E0,2.241887970E0,7.902816010E0
6.356582083E-1,-1.540596313E0,2.232607269E0,8.059989166E0
6.456072083E-1,-1.692829742E0,2.210902405E0,8.860823822E0
6.555552083E-1,-1.943857727E0,2.310744781E0,9.808353424E0
6.655042083E-1,-1.227148132E0,2.562221832E0,8.868907013E0
6.754532083E-1,-1.239422607E0,3.024909668E0,9.003926239E0
6.854012083E-1,-1.169667664E0,3.557651825E0,8.833281097E0
6.953502083E-1,-1.008003845E0,3.885021057E0,9.004524994E0
7.052992083E-1,-8.788224792E-1,3.852837982E0,9.501940613E0
7.152472083E-1,-7.670050049E-1,3.652105408E0,1.004486160E1
7.251962083E-1,-6.508465576E-1,3.386258240E0,1.024409729E1
7.351452083E-1,-6.893165588E-1,3.192261658E0,9.961035919E0
7.450932083E-1,-9.366023254E-1,3.189267883E0,9.381590881E0
7.550422083E-1,-1.423988800E0,3.241060181E0,8.803193665E0
7.649920833E-1,-1.922152863E0,3.290008392E0,8.425978088E0
7.749400833E-1,-2.262245636E0,3.280128937E0,8.165519714E0
7.848890833E-1,-2.375709686E0,3.305426331E0,7.930957489E0
7.948380833E-1,-2.276166687E0,3.341501312E0,7.617359619E0
8.047860833E-1,-2.116149445E0,3.409909058E0,7.363936615E0
8.147350833E-1,-1.970053253E0,3.547622681E0,7.220684509E0
8.246840833E-1,-1.836979980E0,3.610941010E0,7.096143494E0
8.346320833E-1,-1.521735535E0,3.523672485E0,6.836283875E0
8.445810833E-1,-1.195264435E0,3.249742126E0,6.906637573E0
8.545300833E-1,-9.848020935E-1,2.831062775E0,7.232210541E0
8.644780833E-1,-1.102457428E0,2.509531403E0,7.810458069E0
8.744270833E-1,-1.440753937E0,2.418370972E0,9.076076202E0
8.843750833E-1,-1.664837952E0,2.242187347E0,9.804910583E0
8.943240833E-1,-1.827399902E0,2.165097656E0,1.001282822E1
9.042730833E-1,-1.898352356E0,2.138003998E0,1.044902115E1
9.142210833E-1,-1.883533173E0,1.976040802E0,1.070813232E1
9.241700833E-1,-1.818568268E0,1.881138153E0,1.091530151E1
9.341190833E-1,-1.575773163E0,1.917512512E0,1.089404572E1
9.440670833E-1,-1.549278259E0,1.990111542E0,1.080528030E1
9.540160833E-1,-1.737736359E0,2.148332520E0,1.052431458E1
9.639650833E-1,-1.872755585E0,2.452200623E0,1.001058289E1
9.739130833E-1,-1.891017609E0,2.754122772E0,9.613758087E0
9.838620833E-1,-1.698068848E0,3.023712158E0,9.387129364E0
9.938110833E-1,-1.410367126E0,3.096311188E0,9.335337067E0
1.003759083E0,-1.188229065E0,2.984194336E0,9.286538544E0
1.013708083E0,-1.141675873E0,2.811902618E0,9.165140991E0
1.023657083E0,-1.331780548E0,2.721790009E0,8.913065186E0
1.033605083E0,-1.570234680E0,2.686313782E0,8.578510895E0
1.043554083E0,-1.676363983E0,2.891537018E0,8.376281433E0
1.053503083E0,-1.848655701E0,3.022963715E0,8.736432495E0
1.063451083E0,-1.920356598E0,3.033741302E0,9.197024689E0
1.073400083E0,-1.866468658E0,2.927911377E0,9.444909210E0
1.083349083E0,-1.833836517E0,2.761607208E0,9.667945404E0
1.093297083E0,-1.782193909E0,2.602188721E0,9.869276733E0
1.103246083E0,-1.770368500E0,2.461481323E0,9.748927002E0
1.113195083E0,-1.794767761E0,2.349214783E0,9.391769714E0
1.123143083E0,-1.770518188E0,2.403102722E0,9.108708344E0
1.133092083E0,-1.804946594E0,2.477647705E0,8.956774292E0
1.143041083E0,-1.848506012E0,2.554438019E0,8.832981720E0
1.152989083E0,-1.774260406E0,2.644251251E0,8.734785919E0
1.162938083E0,-1.675765228E0,2.667902069E0,8.698411560E0
1.172887083E0,-1.603465576E0,2.631827087E0,8.752449188E0
1.182835083E0,-1.527274017E0,2.565964050E0,8.700058136E0
1.192784083E0,-1.457369385E0,2.447560272E0,8.679251404E0
1.202733083E0,-1.351838837E0,2.330803070E0,8.759185181E0
1.212681083E0,-1.294657745E0,2.234702911E0,8.725804596E0
1.222630083E0,-1.283880157E0,2.101629639E0,8.756041718E0
1.232579083E0,-1.335073700E0,1.954335938E0,8.961564331E0
1.242527083E0,-1.446741486E0,1.994452515E0,9.146130524E0
1.252476083E0,-1.410816193E0,2.089504852E0,9.586065674E0
1.262425083E0,-1.182091827E0,2.383493500E0,1.064391586E1
1.272373083E0,-9.243278503E-1,2.659070435E0,1.181073944E1
1.282322083E0,-6.685098267E-1,2.604134674E0,1.262639328E1
1.292271083E0,-4.662803650E-1,2.428998871E0,1.315883606E1
1.302219083E0,-4.399351501E-1,2.104623413E0,1.317155960E1
1.312168083E0,-6.396199036E-1,1.862726440E0,1.272818161E1
1.322117083E0,-9.704319763E-1,1.709295502E0,1.194695618E1
1.332065083E0,-1.340911560E0,1.676962738E0,1.133637589E1
1.342014083E0,-1.570833435E0,1.713187408E0,1.074480606E1
1.351962083E0,-1.684746552E0,1.679357758E0,9.956096191E0
1.361911083E0,-1.773811340E0,1.649569702E0,9.073681183E0
1.371860083E0,-1.844314728E0,1.714983673E0,8.333021393E0
1.381809083E0,-1.956281891E0,1.861678619E0,7.986492004E0
1.391757083E0,-1.838177490E0,1.837728424E0,7.998616791E0
1.401706083E0,-1.846260681E0,2.077380066E0,8.170908508E0
1.411654083E0,-1.895807648E0,2.313139801E0,8.611143036E0
1.421603083E0,-1.373394012E0,2.428699493E0,9.048084412E0
1.431552083E0,-6.915618896E-1,2.427951050E0,9.309590607E0
1.441500083E0,-1.698966980E-1,2.296823730E0,9.556127930E0
1.451449083E0,1.538800049E-1,2.123184814E0,1.013078293E1
1.461398083E0,2.788700867E-1,1.856888580E0,1.109343109E1
1.471346083E0,3.088078308E-1,1.602268066E0,1.191821594E1
1.481295083E0,3.083587646E-1,1.380429382E0,1.234348160E1
1.491244083E0,2.604583740E-1,1.191073151E0,1.248359024E1
1.501192083E0,1.073268127E-1,1.065184937E0,1.231040039E1
1.511141083E0,-1.284329224E-1,9.851014709E-1,1.203542221E1
1.521090083E0,-3.830534363E-1,8.786727905E-1,1.193288544E1
1.531038083E0,-5.218148804E-1,6.950047302E-1,1.196776291E1
1.540987083E0,-4.505630493E-1,5.180726624E-1,1.182945053E1
1.550936083E0,-3.430865479E-1,4.652325439E-1,1.152094208E1
1.560884083E0,-2.167492676E-1,5.490582275E-1,1.111289062E1
1.570833083E0,-6.975494385E-2,7.170089722E-1,1.045455963E1
1.580782083E0,1.209484863E-1,8.882528687E-1,9.765692139E0
1.590730083E0,2.028282166E-1,1.007554779E0,9.288185120E0
1.600679083E0,2.182461548E-1,1.031055908E0,9.087003479E0
1.610628083E0,2.173480225E-1,9.303153992E-1,9.032067719E0
1.620576083E0,1.844165039E-1,7.806266785E-1,8.973090363E0
1.630525083E0,1.992356873E-1,6.753955078E-1,8.955726471E0
1.640474083E0,2.438429260E-1,7.063810730E-1,8.881929932E0
1.650422083E0,3.216810608E-1,8.687933350E-1,8.680897980E0
1.660371083E0,3.623963928E-1,1.120270386E0,8.340805206E0
1.670320083E0,3.158432007E-1,1.443598022E0,7.906258850E0
1.680268083E0,2.833607483E-1,1.771865387E0,7.462731171E0
1.690217083E0,2.677931213E-1,2.094893646E0,7.157964935E0
1.700166083E0,2.257305908E-1,2.320923615E0,7.111561432E0
1.710114083E0,1.326242065E-1,2.448009338E0,7.275769958E0
1.720063083E0,-1.721420288E-2,2.461032257E0,7.489375763E0
1.730012083E0,-1.440005493E-1,2.384990387E0,7.658673706E0
1.739960083E0,-2.906954956E-1,2.238145752E0,7.761210480E0
1.749909083E0,-4.809498596E-1,2.118544464E0,7.835306396E0
1.759857708E0,-6.821315002E-1,2.032922516E0,7.917485504E0
1.769805708E0,-7.734416199E-1,1.995200958E0,8.018076324E0
1.779754708E0,-8.869056702E-1,2.070195007E0,8.074059906E0
1.789703708E0,-9.271719360E-1,2.173180847E0,8.232280884E0
1.799651708E0,-1.006057892E0,2.257904663E0,8.329129486E0
1.809600708E0,-1.031654663E0,2.308349762E0,8.458909607E0
1.819549708E0,-9.354048157E-1,2.354154510E0,8.581354980E0
1.829497708E0,-8.062234497E-1,2.402054901E0,8.516839142E0
1.839446708E0,-7.216493225E-1,2.489024048E0,8.427025909E0
1.849395708E0,-7.225474548E-1,2.611469421E0,8.381969604E0
1.859343708E0,-7.490423584E-1,2.700534210E0,8.432414703E0
1.869292708E0,-7.581733704E-1,2.747536469E0,8.576415253E0
1.879241708E0,-7.150630188E-1,2.760409698E0,8.728349304E0
1.889189708E0,-7.343728638E-1,2.782264252E0,8.813073120E0
1.899138708E0,-9.008267212E-1,2.803520050E0,8.920100555E0
1.909087708E0,-1.086740112E0,2.813549194E0,9.014853516E0
1.919035708E0,-1.155896301E0,2.832859039E0,9.147627411E0
1.928984708E0,-1.083147583E0,2.880460052E0,9.255852356E0
1.938933708E0,-8.996292114E-1,2.990181885E0,9.486971741E0
1.948881708E0,-6.933581543E-1,3.179089050E0,9.983489227E0
1.958830708E0,-4.252656555E-1,3.269201660E0,1.033780243E1
1.968779708E0,-1.474433899E-1,3.381617889E0,1.044632675E1
1.978727708E0,1.164578247E-1,3.465293884E0,1.036429733E1
1.988676708E0,2.016307068E-1,3.539389801E0,1.021341110E1
1.998625708E0,3.876937866E-2,3.601660309E0,1.007958939E1
2.008573708E0,-1.345701599E-1,3.609444122E0,9.902058563E0
2.018522708E0,-2.642005920E-1,3.628753967E0,9.798923035E0
2.028471708E0,-2.944377136E-1,3.557651825E0,9.811047821E0
2.038419708E0,-4.186793518E-1,3.401975555E0,1.002884491E1
2.048368708E0,-6.183641052E-1,3.168760529E0,1.044722488E1
2.058317708E0,-8.494834900E-1,2.975512390E0,1.087488556E1
2.068266708E0,-1.013242950E0,2.853216705E0,1.126183090E1
2.078214708E0,-9.644444275E-1,2.567311249E0,1.142214752E1
2.088163708E0,-9.120533752E-1,2.220781860E0,1.138951538E1
2.098111708E0,-1.047821045E0,1.867516479E0,1.149444717E1
2.108060708E0,-1.179846497E0,1.734143829E0,1.174113419E1
2.118009708E0,-1.219813385E0,1.642983398E0,1.179636932E1
2.127958708E0,-1.046473846E0,1.541644135E0,1.152468430E1
2.137906708E0,-7.643106079E-1,1.445244598E0,1.113624207E1
2.147855708E0,-4.296066284E-1,1.395697632E0,1.077175003E1
2.157804708E0,-2.345622253E-1,1.432670746E0,1.058463913E1
2.167752708E0,-2.097138977E-1,1.462907867E0,1.060439804E1
2.177701708E0,-2.445913696E-1,1.453477478E0,1.072055649E1
2.187650708E0,-3.134481812E-1,1.393601990E0,1.083372116E1
2.197598708E0,-3.848497009E-1,1.286125488E0,1.078866486E1
2.207547708E0,-4.522096252E-1,1.173260193E0,1.056428146E1
2.217496708E0,-4.863386536E-1,1.091829529E0,1.021251297E1
2.227444708E0,-3.556604004E-1,9.864486694E-1,9.668843536E0
2.237393708E0,-2.116598511E-1,8.521778870E-1,8.987909546E0
2.247342708E0,-1.484912109E-1,7.596702576E-1,8.309220886E0
2.257290708E0,-1.040336609E-1,8.161029053E-1,7.698790283E0
2.267239708E0,-1.417552185E-1,1.019978943E0,7.457641754E0
2.277188708E0,-2.047741699E-1,1.279389496E0,7.667355652E0
2.287136708E0,-1.425036621E-1,1.484463043E0,8.223598938E0
2.297085708E0,1.764830017E-1,1.559756470E0,9.024732971E0
2.307034708E0,5.245092773E-1,1.541344757E0,9.815538483E0
2.316982708E0,8.273295593E-1,1.485959930E0,1.042342438E1
2.326931708E0,1.033899994E0,1.424737244E0,1.072070618E1
2.336880708E0,1.021625519E0,1.402433624E0,1.065005310E1
2.346828708E0,8.213420105E-1,1.453776855E0,1.025936554E1
2.356777708E0,5.625302124E-1,1.518292694E0,9.726174316E0
2.366726708E0,3.201841736E-1,1.566941528E0,9.117539978E0
2.376674708E0,1.356179810E-1,1.673968964E0,8.485554199E0
2.386623708E0,-7.020401001E-2,1.792672119E0,7.904013519E0
2.396572708E0,-4.098477173E-1,1.933379517E0,7.485783234E0
2.406520708E0,-8.696914673E-1,2.140997772E0,7.336992645E0
2.416469708E0,-1.301244049E0,2.361339569E0,7.513625336E0
2.426418708E0,-1.457219696E0,2.444716187E0,7.766898651E0
2.436367708E0,-1.382375336E0,2.425855408E0,7.940986633E0
2.446315708E0,-1.218915253E0,2.340532837E0,7.987839203E0
2.456264708E0,-9.880952454E-1,2.284100189E0,8.173004150E0
2.466213708E0,-7.276368713E-1,2.216740265E0,8.444838867E0
2.476161708E0,-4.550537109E-1,2.154619446E0,8.723409576E0
2.486110708E0,-2.902464294E-1,2.161954193E0,8.949140167E0
2.496059708E0,-1.279838562E-1,2.202669525E0,9.160949707E0
2.506007708E0,-1.514849854E-1,2.250420227E0,9.355694733E0
2.515956708E0,-2.595602417E-1,2.288740540E0,9.394763489E0
2.525905708E0,-4.067042542E-1,2.352507935E0,9.294022980E0
2.535853708E0,-5.354365540E-1,2.371518402E0,9.256002045E0
2.545802708E0,-5.658233643E-1,2.316432953E0,9.179810486E0
2.555751708E0,-5.695655823E-1,2.234852600E0,9.040450287E0
2.565699708E0,-5.158273315E-1,2.247127075E0,8.861123199E0
2.575648708E0,-4.315525818E-1,2.373763733E0,8.786877594E0
2.585597708E0,-3.638932800E-1,2.535427551E0,8.889564056E0
2.595545708E0,-2.844085693E-1,2.686313782E0,8.922345886E0
2.605494708E0,-2.534230042E-1,2.777623901E0,8.929381256E0
2.615443708E0,-2.457888794E-1,2.822231140E0,9.010811920E0
2.625392708E0,-1.868115234E-1,2.835104370E0,9.358089752E0
2.635340708E0,5.508544922E-2,2.808609467E0,9.935888214E0
2.645289708E0,3.683839417E-1,2.743045807E0,1.039663010E1
2.655238708E0,6.240522766E-1,2.660417633E0,1.055500076E1
2.665186708E0,7.482939148E-1,2.648891602E0,1.046174469E1
2.675135708E0,7.740403748E-1,2.660717010E0,1.018212616E1
2.685084708E0,7.791297913E-1,2.684517517E0,9.941426697E0
2.695032708E0,8.327183533E-1,2.664309540E0,9.978399811E0
2.704981708E0,8.247848511E-1,2.656675415E0,1.021730301E1
2.714930708E0,9.084608459E-1,2.774181061E0,1.047416885E1
2.724878708E0,1.098864899E0,2.863694916E0,1.053703812E1
2.734827708E0,1.355431366E0,2.744692383E0,1.057969940E1
2.744776708E0,1.640887756E0,2.499502258E0,1.085827011E1
2.754725708E0,1.747017059E0,2.342029724E0,1.125255020E1
2.764673333E0,1.661694489E0,2.224673767E0,1.173394913E1
2.774622333E0,1.564546509E0,1.984273682E0,1.228779739E1
2.784571333E0,1.508113861E0,1.810185699E0,1.287158340E1
2.794519333E0,1.481618958E0,1.714534607E0,1.328083237E1
2.804468333E0,1.421893158E0,1.582509155E0,1.323667419E1
2.814417333E0,1.286873932E0,1.398242340E0,1.274734177E1
2.824365333E0,1.045725403E0,1.243464203E0,1.213601303E1
2.834314333E0,7.732919312E-1,1.135538635E0,1.152243896E1
2.844263333E0,4.775070190E-1,1.004710693E0,1.094464050E1
2.854212333E0,2.239343262E-1,9.463320923E-1,1.028840515E1
2.864160333E0,-2.380050659E-2,9.252259827E-1,9.663454742E0
2.874109333E0,-3.101550293E-1,9.633966064E-1,9.133406982E0
2.884058333E0,-5.289999390E-1,1.065184937E0,8.724457397E0
2.894006333E0,-6.195616150E-1,1.228195953E0,8.423283691E0
2.903955333E0,-5.339396667E-1,1.484912109E0,8.247249756E0
2.913904333E0,-2.838098145E-1,1.774110718E0,8.195906525E0
2.923852333E0,8.412506104E-2,2.092348938E0,8.260422363E0
2.933801333E0,3.872447205E-1,2.401156769E0,8.250093842E0
2.943750333E0,5.525010681E-1,2.632425842E0,8.048463135E0
2.953699333E0,5.490582275E-1,2.743794250E0,7.742050323E0
2.963647333E0,4.511618042E-1,2.782114563E0,7.461383972E0
2.973596333E0,1.746867371E-1,2.759810944E0,7.286697235E0
2.983545333E0,-1.712438965E-1,2.672093353E0,7.193291473E0
2.993493333E0,-4.924758911E-1,2.572250977E0,7.148085480E0
3.003442333E0,-7.051835632E-1,2.525697784E0,7.160060577E0
3.013391333E0,-8.186476135E-1,2.458936615E0,7.114255829E0
3.023339333E0,-8.614585876E-1,2.387385406E0,7.015461273E0
3.033288333E0,-9.033714294E-1,2.358495483E0,6.846163330E0
3.043237333E0,-9.048683167E-1,2.379002838E0,6.661447449E0
3.053186333E0,-9.122030640E-1,2.459685059E0,6.569388885E0
3.063134333E0,-8.385562134E-1,2.614612885E0,6.793323212E0
3.073083333E0,-6.608757019E-1,2.840343475E0,7.342082062E0
3.083032333E0,-3.394940186E-1,3.019670563E0,8.035589905E0
3.092980333E0,3.592529297E-3,3.132984924E0,8.767567749E0
3.102929333E0,1.781295776E-1,3.198249207E0,9.299711151E0
3.112878333E0,2.505789185E-1,3.218157806E0,9.577383728E0
3.122827333E0,1.724414062E-1,3.244952087E0,9.794881439E0
3.132775333E0,-6.092330933E-2,3.304827576E0,9.943522339E0
3.142724333E0,-4.511618042E-1,3.328927460E0,9.944869537E0
3.152673333E0,-8.665480042E-1,3.271896057E0,9.876761169E0
3.162621333E0,-1.303040314E0,3.124602356E0,9.770332489E0
3.172570333E0,-1.672023010E0,2.927462311E0,9.670041046E0
3.182519333E0,-1.937870178E0,2.796185303E0,9.570048981E0
3.192468333E0,-2.122735748E0,2.766996002E0,9.414223022E0
3.202416333E0,-2.158211975E0,2.795885925E0,9.170829163E0
3.212365333E0,-2.077978821E0,2.954855347E0,8.951086121E0
3.222314333E0,-1.861379242E0,3.160827026E0,8.789422302E0
3.232262333E0,-1.607806549E0,3.333717499E0,8.731043701E0
3.242211333E0,-1.360071716E0,3.414699097E0,8.815019073E0
3.252160333E0,-1.077758789E0,3.434158630E0,9.206305389E0
3.262109333E0,-8.285270691E-1,3.369044037E0,9.821376343E0
3.272057333E0,-7.574249268E-1,3.210823059E0,1.034064651E1
3.282006333E0,-7.655081177E-1,3.051105194E0,1.063912582E1
3.291955333E0,-9.093589783E-1,2.820883942E0,1.075708054E1
3.301903333E0,-1.140029297E0,2.577340393E0,1.075333832E1
3.311852333E0,-1.443148956E0,2.402953033E0,1.055754547E1
3.321801333E0,-1.750609589E0,2.389331360E0,1.028705795E1
3.331750333E0,-2.020498352E0,2.481090546E0,1.003094055E1
3.341698333E0,-2.084565125E0,2.505789185E0,9.706415405E0
3.351647333E0,-2.007026367E0,2.392025757E0,9.290430450E0
3.361596333E0,-1.986519012E0,2.229613495E0,9.071136475E0
3.371545333E0,-2.079475708E0,2.062261505E0,9.450597382E0
3.381493333E0,-2.235900421E0,1.731299744E0,1.040381516E1
3.391442333E0,-2.347568207E0,1.335073700E0,1.172421936E1
3.401391333E0,-2.430495758E0,9.373507690E-1,1.301947586E1
3.411339333E0,-2.290836182E0,5.905220032E-1,1.375818970E1
3.421288333E0,-2.057022400E0,2.676434326E-1,1.378902557E1
3.431237333E0,-1.747615814E0,7.978408813E-2,1.302561310E1
3.441186333E0,-1.593885498E0,1.664538574E-1,1.165461411E1
3.451134333E0,-1.582509155E0,4.897814941E-1,1.010758118E1
3.461083333E0,-1.575773163E0,8.659492493E-1,8.797355804E0
3.471032333E0,-1.565594330E0,1.145867157E0,7.925718384E0
3.480981333E0,-1.488055573E0,1.384470978E0,7.584278412E0
3.490929333E0,-1.366807709E0,1.502725067E0,7.711064758E0
3.500878333E0,-1.180744629E0,1.415456543E0,8.158334656E0
3.510827333E0,-9.367520142E-1,1.235381012E0,8.765472107E0
3.520775333E0,-7.390132141E-1,1.108295288E0,9.373507690E0
3.530724333E0,-6.709048462E-1,1.071022797E0,9.735904083E0
3.540673333E0,-7.099736023E-1,1.098415833E0,9.739346924E0
3.550622333E0,-7.716453552E-1,1.252295837E0,9.473948822E0
3.560570333E0,-8.466394043E-1,1.434916077E0,9.093739471E0
3.570519333E0,-9.301657104E-1,1.653162231E0,8.740923157E0
3.580468333E0,-1.024619293E0,1.826651459E0,8.490044861E0
3.590417333E0,-1.129700775E0,1.999541931E0,8.308771820E0
3.600365333E0,-1.151854706E0,2.163301392E0,8.111182709E0
3.610314333E0,-1.132544861E0,2.300266571E0,7.911048889E0
3.620263333E0,-1.003363495E0,2.432441711E0,7.656578064E0
3.630212333E0,-8.704399109E-1,2.567610626E0,7.354506226E0
3.640160333E0,-7.631130981E-1,2.705623627E0,7.081473999E0
3.650109333E0,-7.038363647E-1,2.918780365E0,6.950646057E0
3.660058333E0,-5.836363220E-1,3.137475586E0,7.038663025E0
3.670007333E0,-4.516108704E-1,3.243455200E0,7.442523193E0
3.679955333E0,-3.670367432E-1,3.236419830E0,8.031398621E0
3.689904333E0,-3.278182983E-1,3.100352783E0,8.582103424E0
3.699853333E0,-3.272195435E-1,2.892734528E0,9.029073944E0
3.709802333E0,-3.671864319E-1,2.659818878E0,9.360035706E0
3.719750333E0,-4.161346436E-1,2.514471130E0,9.572743378E0
3.729699333E0,-4.553530884E-1,2.449955292E0,9.702972565E0
3.739648333E0,-5.111869812E-1,2.406246185E0,9.848020935E0
3.749596333E0,-5.626799011E-1,2.377505951E0,9.990973663E0
3.759545708E0,-5.825885010E-1,2.371668091E0,1.024275009E1
3.769494708E0,-5.996530151E-1,2.384541321E0,1.042267593E1
3.779443708E0,-5.960604858E-1,2.399210815E0,1.029603928E1
3.789391708E0,-5.565426636E-1,2.387834473E0,9.971514130E0
3.799340708E0,-4.528083801E-1,2.418370972E0,9.697134705E0
3.809289708E0,-3.019221497E-1,2.494562531E0,9.588311005E0
3.819238708E0,-8.143066406E-2,2.514471130E0,9.578880615E0
3.829186708E0,1.905537415E-1,2.450853424E0,9.702074432E0
3.839135708E0,4.150868225E-1,2.317480774E0,9.704469452E0
3.849084708E0,5.180726624E-1,2.152972870E0,9.635612640E0
3.859033708E0,5.346881104E-1,2.056872711E0,9.765392761E0
3.868981708E0,4.728666687E-1,2.110461273E0,1.006896149E1
3.878930708E0,4.635859680E-1,2.276765442E0,1.036190231E1
3.888879708E0,6.324348450E-1,2.342029724E0,1.047536636E1
3.898828708E0,8.887019348E-1,2.297721863E0,1.045919998E1
3.908776708E0,1.122066650E0,2.289339294E0,1.042402313E1
3.918725708E0,1.298250275E0,2.450703735E0,1.030382309E1
3.928674708E0,1.519190826E0,2.596350861E0,1.025951523E1
3.938623708E0,1.742676086E0,2.656076660E0,1.034453842E1
3.948571708E0,1.932331696E0,2.627486115E0,1.045650558E1
3.958520708E0,2.204016724E0,2.484234009E0,1.048225204E1
3.968469708E0,2.330503693E0,2.194137268E0,1.068073929E1
3.978418708E0,2.161804504E0,1.719474335E0,1.106244553E1
3.988366708E0,1.869612122E0,1.129700775E0,1.150268005E1
3.998315708E0,1.501377869E0,5.390290833E-1,1.185863983E1
4.008264708E0,1.151255951E0,-3.323089600E-2,1.213451614E1
4.018213708E0,7.646099854E-1,-4.450245667E-1,1.231309479E1
4.028161708E0,3.282673645E-1,-6.262976074E-1,1.228450424E1
4.038110708E0,4.221221924E-2,-5.535488892E-1,1.190025330E1
4.048059708E0,-2.185455322E-2,-2.392025757E-1,1.115495316E1
4.058008708E0,8.592132568E-2,2.719844055E-1,1.024559418E1
4.067956708E0,2.469863892E-1,8.554710388E-1,9.401349792E0
4.077905708E0,4.725672913E-1,1.350341949E0,8.820557556E0
4.087854708E0,7.086264038E-1,1.738185425E0,8.444689178E0
4.097803708E0,9.018745422E-1,1.987417145E0,8.133486328E0
4.107752708E0,1.005608826E0,2.126477966E0,7.929909668E0
4.117700708E0,1.011296997E0,2.195334778E0,7.794740753E0
4.127649708E0,9.171427917E-1,2.224075012E0,7.728428650E0
4.137598708E0,8.301736450E-1,2.200873260E0,7.666457520E0
4.147547708E0,7.637118530E-1,2.158211975E0,7.639962616E0
4.157495708E0,7.188052368E-1,2.114802246E0,7.674840088E0
4.167444708E0,6.444099426E-1,2.146685944E0,7.795339508E0
4.177393708E0,5.287005615E-1,2.138003998E0,7.979306946E0
4.187342708E0,5.057981873E-1,2.118993530E0,8.262068939E0
4.197290708E0,5.132826233E-1,2.049388275E0,8.522976379E0
4.207239708E0,4.516108704E-1,1.946103058E0,8.714278564E0
4.217188708E0,3.778143311E-1,1.886676636E0,8.850644989E0
4.227137708E0,2.818638611E-1,1.881287842E0,8.861572266E0
4.237085708E0,1.685494995E-1,1.952090607E0,8.832682343E0
4.247034708E0,1.275347900E-1,2.021546173E0,8.787476349E0
4.256983708E0,1.007405090E-1,2.087558899E0,8.795110474E0
4.266932708E0,4.370910645E-2,2.169288940E0,8.774453430E0
4.276880708E0,-1.661544800E-2,2.243384857E0,8.659791870E0
4.286829708E0,-7.289840698E-2,2.291884003E0,8.546477509E0
4.296778708E0,-1.685494995E-1,2.331252136E0,8.508456573E0
4.306727708E0,-2.177970886E-1,2.416425018E0,8.488847351E0
4.316675708E0,-2.511776733E-1,2.509232025E0,8.560997314E0
4.326624708E0,-2.529739380E-1,2.630479889E0,8.721463623E0
4.336573708E0,-2.974314880E-1,2.743644562E0,8.891809387E0
4.346522708E0,-3.300636292E-1,2.855611725E0,9.075627136E0
4.356471708E0,-4.053570557E-1,2.965333557E0,9.342821503E0
4.366419708E0,-4.822970581E-1,3.087329865E0,9.646689606E0
4.376368708E0,-4.742138672E-1,3.151097260E0,9.884245605E0
4.386317708E0,-3.716770935E-1,3.162473602E0,9.942923584E0
4.396266708E0,-1.523831177E-1,3.290307770E0,9.947713623E0
4.406214708E0,-1.781295776E-2,3.500021667E0,1.001267853E1
4.416163708E0,7.664062500E-2,3.612737274E0,1.010518616E1
4.426112708E0,1.330732727E-1,3.695515137E0,1.034229309E1
4.436061708E0,1.204994202E-1,3.612437897E0,1.067579956E1
4.446009708E0,5.358856201E-2,3.426823883E0,1.090123077E1
4.455958708E0,-9.175918579E-2,3.158282318E0,1.103714813E1
4.465907708E0,-4.076023865E-1,2.798730011E0,1.104523132E1
4.475856708E0,-8.039781189E-1,2.466570740E0,1.082279388E1
4.485804708E0,-1.101858673E0,2.154769135E0,1.049961594E1
4.495753708E0,-1.425934753E0,1.921105042E0,1.017823425E1
4.505702708E0,-1.607656860E0,1.750759277E0,1.004561005E1
4.515651708E0,-1.632205811E0,1.586101685E0,1.025008484E1
4.525599708E0,-1.474284210E0,1.495989075E0,1.085946762E1
4.535548708E0,-1.281185760E0,1.490300903E0,1.174712173E1
4.545497708E0,-1.115929413E0,1.495390320E0,1.259465927E1
4.555446708E0,-8.987310791E-1,1.372944946E0,1.302441559E1
4.565395708E0,-8.044271851E-1,1.172960815E0,1.276036469E1
4.575343708E0,-9.210346985E-1,1.029109955E0,1.186657333E1
4.585292708E0,-1.117426300E0,1.030606842E0,1.068223618E1
4.595241708E0,-1.343306580E0,1.033600616E0,9.544751587E0
4.605190708E0,-1.465302887E0,1.006506958E0,8.569230194E0
4.615138708E0,-1.488205261E0,1.042731628E0,7.867639160E0
4.625087708E0,-1.460961914E0,1.117126923E0,7.532785492E0
4.635036708E0,-1.364412689E0,1.155147858E0,7.540269928E0
4.644985708E0,-1.199605408E0,1.137185211E0,7.950716400E0
4.654933708E0,-9.083111572E-1,1.030906219E0,8.587641907E0
4.664882708E0,-6.054908752E-1,9.068142700E-1,9.185498657E0
4.674831708E0,-3.803590393E-1,8.267308044E-1,9.635912018E0
4.684780708E0,-2.674937439E-1,7.813751221E-1,9.782307587E0
4.694728708E0,-3.528163147E-1,7.981402588E-1,9.670041046E0
4.704677708E0,-5.234614563E-1,9.295669556E-1,9.263336792E0
4.714626708E0,-6.164181519E-1,1.088386688E0,8.753047943E0
4.724575708E0,-6.770420837E-1,1.214574280E0,8.300389252E0
4.734524708E0,-7.220983887E-1,1.318308563E0,7.943830719E0
4.744472708E0,-7.617658997E-1,1.454525299E0,7.639064484E0
4.754421708E0,-7.533833313E-1,1.627565460E0,7.511529694E0
4.764370500E0,-6.481521606E-1,1.773961029E0,7.482639771E0
4.774319500E0,-4.640350342E-1,1.842817841E0,7.491022339E0
4.784267500E0,-2.483335876E-1,1.936822357E0,7.611821136E0
4.794216500E0,-5.328918457E-2,2.102527771E0,7.773185577E0
4.804165500E0,1.230441284E-1,2.264640656E0,8.013735352E0
4.814114500E0,2.980302429E-1,2.475851440E0,8.395591278E0
4.824062500E0,4.583468628E-1,2.592608643E0,8.895850983E0
4.834011500E0,5.041516113E-1,2.667602692E0,9.349856873E0
4.843960500E0,4.980143738E-1,2.681074677E0,9.723180542E0
4.853909500E0,4.020639038E-1,2.607727203E0,9.970017242E0
4.863858500E0,2.049238586E-1,2.519560547E0,1.003408401E1
4.873806500E0,-8.786727905E-2,2.467768250E0,9.871971130E0
4.883755500E0,-4.047583008E-1,2.455942841E0,9.606273651E0
4.893704500E0,-5.884263611E-1,2.492915955E0,9.368268585E0
4.903653500E0,-6.653663635E-1,2.568508759E0,9.221873016E0
4.913601500E0,-6.258485413E-1,2.651286621E0,9.221573639E0
4.923550500E0,-5.372328186E-1,2.749931488E0,9.245224457E0
4.933499500E0,-4.167333984E-1,2.840193787E0,9.261540527E0
4.943448500E0,-2.647993469E-1,2.930755463E0,9.216334534E0
4.953396500E0,-9.310638428E-2,2.993924103E0,9.143885193E0
4.963345500E0,2.993774414E-4,2.984493713E0,9.052425385E0
4.973294500E0,4.281097412E-2,2.999462585E0,8.975784760E0
4.983243500E0,7.185058594E-2,2.966231689E0,9.031768341E0
4.993192500E0,7.200027466E-2,2.900518341E0,9.097481689E0
5.003140500E0,4.296066284E-2,2.801125031E0,9.124575348E0
5.013089500E0,4.849914551E-2,2.661465454E0,9.170829163E0
5.023038500E0,2.754272461E-2,2.528691559E0,9.294621735E0
5.032987500E0,4.655319214E-2,2.459984436E0,9.407037964E0
5.042935500E0,1.929487610E-1,2.300116882E0,9.588011627E0
5.052884500E0,4.977149963E-1,2.054328003E0,9.905501404E0
5.062833500E0,8.276289368E-1,1.759890289E0,1.025472519E1
5.072782500E0,1.002615051E0,1.639839935E0,1.065154999E1
5.082730500E0,1.073866882E0,1.722019043E0,1.110211304E1
5.092679500E0,1.089883575E0,1.794917450E0,1.168125870E1
5.102628500E0,1.160087585E0,1.832788696E0,1.235141510E1
5.112577500E0,1.200653229E0,1.803000641E0,1.303504349E1
5.122526500E0,1.266965332E0,1.654659119E0,1.343531113E1
5.132474500E0,1.273851013E0,1.334474945E0,1.343755646E1
5.142423500E0,1.075812836E0,9.737251282E-1,1.320838303E1
5.152372500E0,8.553213501E-1,7.179071045E-1,1.279913406E1
5.162321500E0,6.424639893E-1,5.806425476E-1,1.223271194E1
5.172269500E0,5.186714172E-1,4.884342957E-1,1.148606461E1
5.182218500E0,4.194277954E-1,4.141886902E-1,1.063104263E1
5.192167500E0,3.830534363E-1,4.146377563E-1,9.765243073E0
5.202116500E0,4.402345276E-1,4.096980286E-1,9.036259003E0
5.212064500E0,5.721102905E-1,4.415817261E-1,8.461903381E0
5.222013500E0,7.774832153E-1,5.956114197E-1,8.170459442E0
5.231962500E0,9.665400696E-1,8.072712708E-1,8.157137146E0
5.241911500E0,1.156345367E0,9.467811584E-1,8.342302094E0
5.251860500E0,1.343605957E0,1.030008087E0,8.706644440E0
5.261808500E0,1.422042847E0,1.045725403E0,9.067693634E0
5.271757500E0,1.283730469E0,9.996212769E-1,9.277407532E0
5.281706500E0,8.927435303E-1,9.210346985E-1,9.459728394E0
5.291655500E0,4.257147217E-1,8.294252014E-1,9.632169800E0
5.301603500E0,-7.499404907E-2,6.610253906E-1,9.755962372E0
5.311552500E0,-4.008663940E-1,5.014572144E-1,9.833650818E0
5.321501500E0,-6.298901367E-1,4.324507141E-1,9.791288910E0
5.331450500E0,-7.626640320E-1,4.965174866E-1,9.521400146E0
5.341398500E0,-8.316705322E-1,7.417076111E-1,9.125772858E0
5.351347500E0,-8.476872253E-1,1.057550812E0,8.773255920E0
5.361296500E0,-7.924520874E-1,1.390757904E0,8.547375641E0
5.371245500E0,-6.424639893E-1,1.676363983E0,8.412805481E0
5.381194500E0,-4.860392761E-1,1.882784729E0,8.376281433E0
5.391142500E0,-3.522175598E-1,2.056723022E0,8.409362640E0
5.401091500E0,-2.865042114E-1,2.160606995E0,8.468190308E0
5.411040500E0,-2.466870117E-1,2.207758942E0,8.483907623E0
5.420989500E0,-2.556683350E-1,2.203118591E0,8.421038361E0
5.430937500E0,-2.541714478E-1,2.177372131E0,8.286917267E0
5.440886500E0,-2.371069336E-1,2.164648590E0,8.176896057E0
5.450835500E0,-2.194436646E-1,2.171085205E0,8.224796448E0
5.460784500E0,-1.772314453E-1,2.186203766E0,8.349038086E0
5.470732500E0,-1.245410156E-1,2.147733765E0,8.549770660E0
5.480681500E0,-1.558259583E-1,2.127076721E0,8.742420044E0
5.490630500E0,-2.411485291E-1,2.099833374E0,8.907975769E0
5.500579500E0,-2.707868958E-1,2.043101349E0,9.093290405E0
5.510528500E0,-2.912942505E-1,2.009271698E0,9.266330566E0
5.520476500E0,-3.381468201E-1,1.988015900E0,9.359287262E0
5.530425500E0,-3.531156921E-1,1.992356873E0,9.422605591E0
5.540374500E0,-3.598516846E-1,2.021695862E0,9.470955048E0
5.550323500E0,-2.710862732E-1,2.075583801E0,9.469158783E0
5.560271500E0,-1.454974365E-1,2.180814972E0,9.428443451E0
5.570220500E0,-3.248245239E-2,2.316732330E0,9.371711426E0
5.580169500E0,9.879455566E-2,2.435285797E0,9.333690491E0
5.590118500E0,2.303709412E-1,2.552192688E0,9.349407806E0
5.600067500E0,2.874023438E-1,2.643652496E0,9.449100494E0
5.610015500E0,3.194357300E-1,2.736459503E0,9.568701782E0
5.619964500E0,3.541635132E-1,2.828518066E0,9.727371826E0
5.629913500E0,3.611988831E-1,2.926414490E0,9.824519806E0
5.639862500E0,3.863465881E-1,3.028651886E0,9.831704865E0
5.649810500E0,3.864962769E-1,3.141816559E0,9.799521790E0
5.659759500E0,4.302053833E-1,3.171903992E0,9.890233154E0
5.669708500E0,5.438191223E-1,3.159180450E0,1.006551865E1
5.679657500E0,6.221063232E-1,3.044967957E0,1.027523254E1
5.689606500E0,7.035369873E-1,2.835553436E0,1.046593597E1
5.699554500E0,6.978488159E-1,2.629881134E0,1.075124268E1
5.709503500E0,5.754034424E-1,2.387834473E0,1.111678253E1
5.719452500E0,4.218228149E-1,2.098935242E0,1.132290390E1
5.729401500E0,2.616558838E-1,1.870959320E0,1.137275024E1
5.739349500E0,1.775308228E-1,1.739832001E0,1.133413055E1
5.749298500E0,3.143463135E-2,1.689835968E0,1.105555984E1
5.759247500E0,-1.692979431E-1,1.735191650E0,1.054003189E1
5.769196083E0,-3.279679871E-1,1.854792938E0,9.922865295E0
5.779144083E0,-2.779719543E-1,1.949845276E0,9.257648621E0
5.789093083E0,-9.116043091E-2,2.050885162E0,8.684789886E0
5.799042083E0,1.965412903E-1,2.151475983E0,8.437803497E0
5.808991083E0,4.126918030E-1,2.155367889E0,8.825347595E0
5.818940083E0,4.980143738E-1,2.042951660E0,9.862391052E0
5.828888083E0,3.935316467E-1,1.770817566E0,1.109118576E1
5.838837083E0,1.624122620E-1,1.379531250E0,1.202928497E1
5.848786083E0,-1.902543640E-1,8.988807678E-1,1.244033020E1
5.858735083E0,-6.240522766E-1,4.074526978E-1,1.237282059E1
5.868683083E0,-1.059496765E0,1.646575928E-3,1.182481018E1
5.878632083E0,-1.403481445E0,-1.604663086E-1,1.101200043E1
5.888581083E0,-1.628912659E0,-1.432521057E-1,1.013138168E1
5.898530083E0,-1.629361725E0,-1.945953369E-3,9.414971466E0
5.908479083E0,-1.478924561E0,2.134561157E-1,8.947643280E0
5.918427083E0,-1.168619843E0,4.674778748E-1,8.815468140E0
5.928376083E0,-8.394543457E-1,7.613168335E-1,9.104666748E0
5.938325083E0,-5.230123901E-1,9.870474243E-1,9.627978516E0
5.948274083E0,-3.218307495E-1,1.059047699E0,1.006477020E1
5.958222083E0,-2.068698120E-1,1.138233032E0,1.021341110E1
5.968171083E0,-1.330732727E-1,1.271156616E0,1.006686584E1
5.978120083E0,-1.541793823E-1,1.455872498E0,9.676178284E0
5.988069083E0,-2.640509033E-1,1.636995850E0,9.170380096E0
5.998017083E0,-4.141886902E-1,1.825603638E0,8.762777710E0
6.007966083E0,-5.851332092E-1,2.005379791E0,8.423283691E0
6.017915083E0,-7.255412292E-1,2.115401001E0,8.121810608E0
6.027864083E0,-8.202941895E-1,2.206112366E0,7.794591064E0
6.037813083E0,-9.451345825E-1,2.233206024E0,7.579638062E0
6.047761083E0,-1.025816803E0,2.207160187E0,7.501949615E0
6.057710083E0,-1.056502991E0,2.182910614E0,7.510781250E0
6.067659083E0,-1.024170227E0,2.142644348E0,7.581284637E0
6.077608083E0,-9.662406921E-1,2.102677460E0,7.825277252E0
6.087556083E0,-8.866062927E-1,2.137554932E0,8.184380493E0
6.097505083E0,-6.840774536E-1,2.151625671E0,8.550968170E0
6.107454083E0,-4.860392761E-1,2.163900146E0,8.878038025E0
6.117403083E0,-2.709365845E-1,2.214494934E0,9.065298615E0
6.127352083E0,-1.285826111E-1,2.308050385E0,9.124874725E0
6.137300083E0,-3.353027344E-2,2.441572723E0,9.033265228E0
6.147249083E0,-7.484436035E-3,2.602338409E0,8.829089813E0
6.157198083E0,-5.328918457E-2,2.719394989E0,8.627010040E0
6.167147083E0,-1.628613281E-1,2.728526001E0,8.564290466E0
6.177095083E0,-3.107537842E-1,2.655926971E0,8.748257904E0
6.187044083E0,-4.393363953E-1,2.516417084E0,9.267228699E0
6.196993083E0,-5.228627014E-1,2.328557739E0,9.885443115E0
6.206942083E0,-6.192622375E-1,2.197280731E0,1.044722488E1
6.216891083E0,-7.090754700E-1,2.132465515E0,1.085063599E1
6.226839083E0,-8.399034119E-1,2.066303101E0,1.092323502E1
6.236788083E0,-9.083111572E-1,2.040706329E0,1.069121750E1
6.246737083E0,-8.994795227E-1,2.091450806E0,1.011910721E1
6.256686083E0,-8.701405334E-1,2.227517853E0,9.409283295E0
6.266634083E0,-7.216493225E-1,2.422412567E0,8.680149536E0
6.276583083E0,-5.372328186E-1,2.662363586E0,8.076754303E0
6.286532083E0,-3.388952637E-1,2.877466278E0,7.679779816E0
6.296481083E0,-2.447410583E-1,3.072211304E0,7.595205688E0
6.306429083E0,-1.746867371E-1,3.174897766E0,7.840395813E0
6.316378083E0,-3.562591553E-2,3.107837219E0,8.352780304E0
6.326327083E0,1.411564636E-1,2.887794800E0,8.911717987E0
6.336276083E0,3.387455750E-1,2.654729462E0,9.502389679E0
6.346225083E0,3.957769775E-1,2.483485565E0,1.007958939E1
6.356173083E0,4.680766296E-1,2.386337585E0,1.053269714E1
6.366122083E0,6.554869080E-1,2.283800812E0,1.087458618E1
6.376071083E0,8.881031799E-1,2.216740265E0,1.102008362E1
6.386020083E0,1.065035248E0,2.203268280E0,1.095586716E1
6.395969083E0,1.134341125E0,2.285597076E0,1.085782104E1
6.405917083E0,1.132844238E0,2.482437744E0,1.074211166E1
6.415866083E0,1.091081085E0,2.637365570E0,1.052985306E1
6.425815083E0,1.095571747E0,2.634222107E0,1.028990204E1
6.435764083E0,1.026714935E0,2.531835022E0,1.011880783E1
6.445712083E0,8.788224792E-1,2.388582916E0,1.006057892E1
6.455661083E0,6.662644958E-1,2.215692444E0,1.008872040E1
6.465610083E0,4.736151123E-1,2.021845551E0,1.023137375E1
6.475559083E0,3.489244080E-1,1.801503754E0,1.050455566E1
6.485507083E0,2.493814087E-1,1.602717133E0,1.086710175E1
6.495456083E0,1.287322998E-1,1.445543976E0,1.112576385E1
6.505405083E0,9.220825195E-2,1.328337708E0,1.120629639E1
6.515354083E0,1.504371643E-1,1.221609650E0,1.105795486E1
6.525303083E0,2.212399292E-1,1.169068909E0,1.064616119E1
6.535251083E0,2.936892700E-1,1.253044281E0,1.002749771E1
6.545200083E0,3.097059631E-1,1.351240082E0,9.297765198E0
6.555149083E0,3.487747192E-1,1.457818451E0,8.643625488E0
6.565098083E0,4.117936707E-1,1.550775146E0,8.103548584E0
6.575046083E0,6.295907593E-1,1.639540558E0,7.786208496E0
6.584995083E0,9.157955933E-1,1.666035461E0,7.798932037E0
6.594944083E0,1.200204163E0,1.641636200E0,8.128097534E0
6.604893083E0,1.393901367E0,1.608405304E0,8.662785645E0
6.614842083E0,1.528321838E0,1.571282501E0,9.267528076E0
6.624790083E0,1.548529816E0,1.510059814E0,9.895472260E0
6.634739083E0,1.440604248E0,1.378932495E0,1.038285873E1
6.644688083E0,1.163979492E0,1.185085602E0,1.075872711E1
6.654637083E0,8.062234497E-1,1.044976959E0,1.089135132E1
6.664585083E0,3.915856934E-1,9.885443115E-1,1.066247726E1
6.674534083E0,1.721420288E-2,1.098565521E0,1.010563522E1
6.684483083E0,-2.137554932E-1,1.335373077E0,9.500294037E0
6.694432083E0,-2.754272461E-1,1.619332581E0,8.883127441E0
6.704381083E0,-2.246827698E-1,1.920206909E0,8.299341431E0
6.714329083E0,-7.484436035E-2,2.250869293E0,7.769892426E0
6.724278083E0,8.247848511E-2,2.614163818E0,7.460485840E0
6.734227083E0,2.529739380E-1,2.923570404E0,7.356452179E0
6.744176083E0,4.632865906E-1,3.146905975E0,7.448959808E0
6.754125083E0,6.740483093E-1,3.287313995E0,7.681276703E0
6.764073083E0,8.201445007E-1,3.329975281E0,7.987689514E0
6.774022083E0,9.002279663E-1,3.353177032E0,8.347092133E0
6.783971083E0,9.791139221E-1,3.339555359E0,8.608298950E0
6.793920083E0,9.827064514E-1,3.321293335E0,8.784482574E0
6.803868083E0,9.047186279E-1,3.286266174E0,8.872050476E0
6.813817083E0,7.668553162E-1,3.214864655E0,8.882079620E0
6.823766083E0,5.532495117E-1,3.160078583E0,8.849148102E0
6.833715083E0,3.809577942E-1,3.060236206E0,8.777896271E0
6.843664083E0,2.019300842E-1,2.934198303E0,8.822952576E0
6.853612083E0,4.131408691E-2,2.819237366E0,9.020541687E0
6.863561083E0,-1.721420288E-2,2.700833588E0,9.227261810E0
6.873510083E0,-2.634521484E-2,2.628084869E0,9.472601624E0
6.883459083E0,-2.050735474E-2,2.598596191E0,9.677375793E0
6.893407083E0,8.083190918E-3,2.582579498E0,9.819430389E0
6.903356083E0,-3.817062378E-2,2.537672882E0,9.905351715E0
6.913305083E0,-9.160949707E-2,2.516716461E0,9.977651367E0
6.923254083E0,-7.753875732E-2,2.578687592E0,1.004336472E1
6.933203083E0,-6.526428223E-2,2.667303314E0,9.944270782E0
6.943151083E0,-8.696914673E-2,2.777773590E0,9.777816925E0
6.953100083E0,-1.374142456E-1,2.889740753E0,9.688602448E0
6.963049083E0,-1.305285645E-1,2.969225464E0,9.666897583E0
6.972998083E0,-7.589218140E-2,2.970572662E0,9.641749878E0
6.982946083E0,1.317260742E-2,2.921474762E0,9.674531708E0
6.992895083E0,1.014889526E-1,2.826123047E0,9.887987823E0
7.002844083E0,1.456471252E-1,2.704126740E0,1.019365219E1
7.012793083E0,1.977388000E-1,2.539319458E0,1.046638504E1
7.022742083E0,2.963836670E-1,2.330204315E0,1.074675201E1
7.032690083E0,3.065625000E-1,2.157912598E0,1.113145203E1
7.042639083E0,2.128573608E-1,2.090253296E0,1.150776947E1
7.052588083E0,7.095245361E-2,2.124232635E0,1.163470551E1
7.062537083E0,1.601669312E-2,2.252366180E0,1.133083740E1
7.072485083E0,9.849517822E-2,2.430196381E0,1.066502197E1
7.082434083E0,2.263293457E-1,2.596799927E0,1.002689896E1
7.092383083E0,3.240760803E-1,2.692301331E0,9.575737152E0
7.102332083E0,4.111949158E-1,2.724634094E0,9.321416016E0
7.112281083E0,4.266128540E-1,2.651735687E0,9.554481354E0
7.122229083E0,2.784210205E-1,2.352807312E0,1.027628036E1
7.132178083E0,-2.469863892E-2,1.883533173E0,1.103669907E1
7.142127083E0,-4.435276794E-1,1.411115570E0,1.155462204E1
7.152076083E0,-8.427474976E-1,8.888516235E-1,1.162811920E1
7.162025083E0,-1.093625793E0,4.439767456E-1,1.118129837E1
7.171973083E0,-1.229393463E0,2.715353394E-1,1.023107437E1
7.181922083E0,-1.278641052E0,3.613485718E-1,9.069938965E0
7.191871083E0,-1.307081909E0,6.445596313E-1,8.003406830E0
7.201820083E0,-1.171463928E0,9.895921326E-1,7.256011047E0
7.211768083E0,-8.818162537E-1,1.366208954E0,6.959777069E0
7.221717083E0,-5.460644531E-1,1.589993591E0,6.986271973E0
7.231666083E0,-2.707868958E-1,1.569635925E0,7.324718170E0
7.241615083E0,-2.888992310E-2,1.357227631E0,8.014334106E0
7.251564083E0,2.163002014E-1,1.070723419E0,8.832382965E0
7.261512083E0,3.806584167E-1,8.677455139E-1,9.663305054E0
7.271461083E0,4.781057739E-1,6.975494385E-1,1.048434769E1
7.281410083E0,5.119354248E-1,6.469546509E-1,1.109223358E1
7.291359083E0,4.676275635E-1,6.855743408E-1,1.137843842E1
7.301307083E0,3.336561584E-1,8.065228271E-1,1.121258331E1
7.311256083E0,6.481521606E-2,9.410929871E-1,1.074001602E1
7.321205083E0,-1.965412903E-1,1.020278320E0,1.024200165E1
7.331154083E0,-4.108955383E-1,1.013242950E0,9.950857086E0
7.341103083E0,-5.324427795E-1,9.563612366E-1,9.814340973E0
7.351051083E0,-6.264472961E-1,9.154962158E-1,9.856553192E0
7.361000083E0,-6.993457031E-1,8.662486267E-1,9.864337006E0
7.370949083E0,-7.114704895E-1,8.631051636E-1,9.748777313E0
7.380898083E0,-6.527925110E-1,9.002279663E-1,9.549242249E0
7.390847083E0,-5.507048035E-1,9.761201477E-1,9.271270294E0
7.400795083E0,-4.266128540E-1,1.097218323E0,8.964558105E0
7.410744083E0,-3.772155762E-1,1.361718292E0,8.708440704E0
7.420693083E0,-2.737806702E-1,1.734892273E0,8.554710388E0
7.430642083E0,-1.809736633E-1,2.032024384E0,8.531358948E0
7.440590083E0,-4.206253052E-2,2.233206024E0,8.514144745E0
7.450539083E0,-1.302291870E-2,2.379751282E0,8.498876495E0
7.460488083E0,-1.440005493E-1,2.406395874E0,8.588090973E0
7.470437083E0,-2.880010986E-1,2.327210541E0,8.713679810E0
7.480386083E0,-4.900808716E-1,2.200573883E0,8.783734131E0
7.490334083E0,-7.295828247E-1,2.092498627E0,8.794511719E0
7.500283083E0,-9.448352051E-1,2.052232361E0,8.737929382E0
7.510232083E0,-1.196162567E0,2.066752167E0,8.631800079E0
7.520181083E0,-1.421593781E0,2.142344971E0,8.482560425E0
7.530130083E0,-1.545685730E0,2.227667542E0,8.409063263E0
7.540078083E0,-1.658251648E0,2.278711395E0,8.408165131E0
7.550027083E0,-1.696871338E0,2.372416534E0,8.462202759E0
7.559976083E0,-1.725461884E0,2.418370972E0,8.519533539E0
7.569925083E0,-1.692530365E0,2.460882568E0,8.591533813E0
7.579873083E0,-1.699715424E0,2.442470856E0,8.741970978E0
7.589822083E0,-1.648372192E0,2.399959259E0,9.018595734E0
7.599771083E0,-1.624122620E0,2.404000854E0,9.379794617E0
7.609720083E0,-1.726360016E0,2.425256653E0,9.667795715E0
7.619669083E0,-1.761087799E0,2.417023773E0,9.856702881E0
7.629617083E0,-1.785037994E0,2.405946808E0,9.983189850E0
7.639566083E0,-1.776206360E0,2.378853149E0,9.924511871E0
7.649515083E0,-1.707499237E0,2.374661865E0,9.723030853E0
7.659464083E0,-1.698517914E0,2.389031982E0,9.530830536E0
7.669413083E0,-1.718276825E0,2.479443970E0,9.422006836E0
7.679361083E0,-1.736987915E0,2.511776733E0,9.302405548E0
7.689310083E0,-1.636097717E0,2.466271362E0,9.189240875E0
7.699259083E0,-1.497935028E0,2.424358521E0,9.132957916E0
7.709208083E0,-1.345102844E0,2.401755524E0,9.082662506E0
7.719157083E0,-1.193468170E0,2.422113190E0,9.037306824E0
7.729105083E0,-1.035247192E0,2.377805328E0,9.020841064E0
7.739054083E0,-8.328680420E-1,2.126328278E0,9.154064026E0
7.749003083E0,-6.843768311E-1,1.760039978E0,9.457782440E0
7.758952083E0,-6.322851562E-1,1.452429657E0,9.862391052E0
7.768900250E0,-6.719526672E-1,1.270557861E0,1.029184799E1
7.778849250E0,-5.954617310E-1,1.278341675E0,1.056233551E1
7.788798250E0,-4.427792358E-1,1.350192261E0,1.053045181E1
7.798747250E0,-2.888992310E-1,1.515448608E0,1.030936157E1
7.808696250E0,-6.915618896E-2,1.697619781E0,9.819280701E0
7.818644250E0,1.661544800E-1,1.924248505E0,9.191186829E0
7.828593250E0,3.954776001E-1,2.078727264E0,8.629255371E0
7.838542250E0,4.555027771E-1,2.117496643E0,8.429121552E0
7.848491250E0,4.090992737E-1,1.965263214E0,8.792116699E0
7.858440250E0,3.390449524E-1,1.594783630E0,9.753118286E0
7.868388250E0,2.466870117E-1,1.103205872E0,1.090362579E1
7.878337250E0,1.320254517E-1,6.882687378E-1,1.194201645E1
7.888286250E0,-1.703457642E-1,3.860472107E-1,1.261711258E1
7.898235250E0,-6.164181519E-1,2.110610962E-1,1.291214905E1
7.908184250E0,-1.088536377E0,1.926493835E-1,1.262504608E1
7.918132250E0,-1.445843353E0,2.396516418E-1,1.192689789E1
7.928081250E0,-1.586850128E0,2.800675964E-1,1.109148514E1
7.938030250E0,-1.496737518E0,2.613565063E-1,1.042806473E1
7.947979250E0,-1.197958832E0,2.305206299E-1,1.000115250E1
7.957927250E0,-7.065307617E-1,2.784210205E-1,9.853709106E0
7.967876250E0,-1.371148682E-1,5.400769043E-1,9.980345764E0
7.977825250E0,3.775149536E-1,8.852590942E-1,1.025517426E1
7.987774250E0,8.095166016E-1,1.185983734E0,1.046952850E1
7.997723250E0,1.202449493E0,1.401685181E0,1.048494644E1
8.007671250E0,1.497635651E0,1.556313629E0,1.021775208E1
8.017620250E0,1.608105927E0,1.677411804E0,9.769584045E0
8.027569250E0,1.485810242E0,1.754950562E0,9.202712860E0
8.037518250E0,1.088386688E0,1.736538849E0,8.747210083E0
8.047467250E0,5.171745300E-1,1.641187134E0,8.512049103E0
8.057415250E0,-8.068222046E-2,1.426982574E0,8.505612488E0
8.067364250E0,-6.234535217E-1,1.159488831E0,8.734486542E0
8.077313250E0,-1.096020813E0,9.172924805E-1,9.010512543E0
8.087262250E0,-1.404379578E0,7.921527100E-1,9.265432434E0
8.097211250E0,-1.576820984E0,7.864645386E-1,9.382339325E0
8.107159250E0,-1.601819000E0,8.725355530E-1,9.161997528E0
8.117108250E0,-1.481169891E0,1.063238983E0,8.645870819E0
8.127057250E0,-1.337768097E0,1.364712067E0,8.080496521E0
8.137006250E0,-1.101259918E0,1.666634216E0,7.654183044E0
8.146955250E0,-8.440946960E-1,1.896556091E0,7.506290588E0
8.156903250E0,-5.873785400E-1,2.126777344E0,7.670948181E0
8.166852250E0,-3.772155762E-1,2.349514160E0,8.162226562E0
8.176801250E0,-2.998265076E-1,2.570005646E0,8.879834290E0
8.186750250E0,-2.601589966E-1,2.671644287E0,9.665999451E0
8.196699250E0,-3.787124634E-1,2.634072418E0,1.034423904E1
8.206647250E0,-5.640270996E-1,2.468666382E0,1.077654007E1
8.216596250E0,-8.390052795E-1,2.271975403E0,1.095092743E1
8.226545250E0,-1.036444702E0,2.080822906E0,1.076216995E1
8.236494250E0,-1.222507782E0,1.916913757E0,1.037746994E1
8.246442250E0,-1.396895142E0,1.882335663E0,9.930349731E0
8.256391250E0,-1.515747986E0,1.980082397E0,9.613758087E0
8.266340250E0,-1.468596039E0,2.111958160E0,9.458231506E0
8.276289250E0,-1.406774597E0,2.259700928E0,9.581724701E0
8.286238250E0,-1.369202728E0,2.290237427E0,1.003647903E1
8.296186250E0,-1.289268951E0,2.171384583E0,1.055080948E1
8.306135250E0,-1.239123230E0,2.045496368E0,1.110765152E1
8.316084250E0,-1.243314514E0,1.822609863E0,1.180924255E1
8.326033250E0,-1.095721436E0,1.567240906E0,1.229393463E1
8.335982250E0,-6.807843018E-1,1.486708374E0,1.268252655E1
8.345930250E0,-2.344125366E-1,1.560504913E0,1.283625687E1
8.355879250E0,2.101629639E-1,1.827549591E0,1.253687943E1
8.365828250E0,3.453318787E-1,2.199526062E0,1.205922272E1
8.375777250E0,2.246827698E-1,2.462978210E0,1.169532944E1
8.385726250E0,8.532257080E-3,2.551144867E0,1.166688858E1
8.395674250E0,-1.212478638E-1,2.341730347E0,1.189426575E1
8.405623250E0,-1.392105103E-1,2.029479675E0,1.218690720E1
8.415572250E0,-5.867797852E-2,1.744771729E0,1.229288681E1
8.425521250E0,-3.832031250E-2,1.516945496E0,1.218735626E1
8.435470250E0,-2.993774414E-3,1.322350159E0,1.193498108E1
8.445418250E0,-1.062789917E-2,1.216071167E0,1.153995255E1
8.455367250E0,-8.637039185E-2,1.115779724E0,1.110810059E1
8.465316250E0,-1.076261902E-1,1.082698517E0,1.044033920E1
8.475265250E0,-3.727249146E-2,1.139729919E0,9.656119995E0
8.485214250E0,-1.152603149E-2,1.303788757E0,8.892108765E0
8.495162250E0,2.694396973E-3,1.561702423E0,8.289162598E0
8.505111250E0,-5.523513794E-2,1.810036011E0,7.884553986E0
8.515060250E0,-1.637594604E-1,1.969155121E0,7.814649353E0
8.525009250E0,-2.122586060E-1,1.998643799E0,8.187973022E0
8.534958250E0,-1.790277100E-1,1.840123444E0,8.826545105E0
8.544906250E0,-1.408570862E-1,1.685494995E0,9.189390564E0
8.554855250E0,-1.281335449E-1,1.642983398E0,8.988807678E0
8.564804250E0,-2.582130432E-1,1.670226746E0,8.638386383E0
8.574753250E0,-3.324586487E-1,1.768871613E0,8.224646759E0
8.584702250E0,-2.897973633E-1,1.997446289E0,7.643704834E0
8.594650250E0,-2.697390747E-1,2.223775635E0,7.167545013E0
8.604599250E0,-3.671864319E-1,2.357597351E0,6.939419403E0
8.614548250E0,-4.872367859E-1,2.428549805E0,6.692582703E0
8.624497250E0,-6.390211487E-1,2.566263428E0,6.515351257E0
8.634446250E0,-9.882449341E-1,2.700085144E0,6.671027527E0
8.644394250E0,-1.278042297E0,2.987487488E0,6.922504578E0
8.654343250E0,-1.600022736E0,2.952460327E0,7.608977051E0
8.664292250E0,-1.744023285E0,2.236349487E0,8.741671600E0
8.674241250E0,-1.302291870E0,1.272803192E0,9.469009094E0
8.684190250E0,-4.252656555E-1,3.674858093E-1,9.766889648E0
8.694138250E0,1.212179260E0,1.646575928E-2,9.605076141E0
8.704087250E0,1.898502045E0,7.238946533E-1,9.269324341E0
8.714036250E0,1.732048187E0,1.974992981E0,8.656947784E0
8.723985250E0,1.364412689E0,2.910547485E0,8.019124146E0
8.733934250E0,6.972500610E-1,3.519630890E0,7.607480164E0
8.743882250E0,-3.713777161E-1,3.835025024E0,7.439978485E0
8.753831250E0,-1.366059265E0,3.862418060E0,7.407196655E0
8.763780250E0,-2.166744232E0,3.696413269E0,7.616760864E0
8.773729750E0,-2.870131531E0,3.559148712E0,7.688012695E0
8.783678750E0,-3.432212677E0,3.247197418E0,7.878267059E0
8.793626750E0,-3.637435913E0,2.623294830E0,8.314160614E0
8.803575750E0,-3.498973846E0,1.939067688E0,8.752000122E0
8.813524750E0,-3.190764771E0,1.469793549E0,9.003028107E0
8.823473750E0,-2.580483856E0,1.336720276E0,9.338630219E0
8.833422750E0,-1.574126587E0,1.394051056E0,1.034034714E1
8.843370750E0,-5.138813782E-1,1.491049347E0,1.166868484E1
8.853319750E0,2.195933533E-1,1.811233521E0,1.258762390E1
8.863268750E0,5.764512634E-1,2.334245911E0,1.287263123E1
8.873217750E0,6.367758179E-1,3.128643951E0,1.265932480E1
8.883166750E0,4.884342957E-1,4.097878418E0,1.169592819E1
8.893114750E0,1.826202393E-1,4.622836761E0,1.015443375E1
8.903063750E0,-1.927990723E-1,4.818928986E0,8.641829224E0
8.913012750E0,-4.423301697E-1,4.635859680E0,7.633076935E0
8.922961750E0,-5.517526245E-1,4.139791260E0,7.157216492E0
8.932910750E0,-6.634204102E-1,3.694018250E0,7.132817230E0
8.942858750E0,-9.810598755E-1,3.443888397E0,7.486381989E0
8.952807750E0,-1.228195953E0,3.544329529E0,8.045918427E0
8.962756750E0,-1.390159149E0,3.827839966E0,8.562793579E0
8.972705750E0,-1.555116119E0,4.055666199E0,8.938212891E0
8.982654750E0,-1.425934753E0,4.042194214E0,9.325906677E0
8.992602750E0,-1.103205872E0,3.783382416E0,9.628726959E0
9.002551750E0,-7.839198303E-1,3.620970154E0,9.654024353E0
9.012500750E0,-6.162684631E-1,3.622766418E0,9.414073334E0
9.022449750E0,-5.879772949E-1,3.744313660E0,8.996890869E0
9.032398750E0,-5.676196289E-1,3.873794403E0,8.646319885E0
9.042346750E0,-6.249504089E-1,4.010460205E0,8.328680420E0
9.052295750E0,-7.337741089E-1,4.167932739E0,8.265511780E0
9.062244750E0,-8.565188599E-1,4.284839630E0,8.307424622E0
9.072193750E0,-9.618997192E-1,4.473297729E0,8.297994232E0
9.082142750E0,-1.065783691E0,4.637655945E0,8.269703064E0
9.092090750E0,-1.089584198E0,4.739294586E0,8.199349365E0
9.102039750E0,-1.091829529E0,4.739444275E0,8.177345123E0
9.111988750E0,-9.557624817E-1,4.522096252E0,8.407865753E0
9.121937750E0,-7.846682739E-1,4.199067993E0,9.107660522E0
9.131886750E0,-7.665559387E-1,4.062701569E0,9.820927277E0
9.141835750E0,-8.238867188E-1,4.061504059E0,1.012045441E1
9.151783750E0,-8.888516235E-1,4.107608185E0,1.000190094E1
9.161732750E0,-9.595046997E-1,4.200714569E0,9.658964081E0
9.171681750E0,-1.102457428E0,4.353097687E0,9.209598541E0
9.181630750E0,-1.246757355E0,4.501738586E0,8.855884094E0
9.191579750E0,-1.269210663E0,4.560416565E0,8.355325012E0
9.201527750E0,-1.280137939E0,4.436623993E0,7.789052582E0
9.211476750E0,-1.370100861E0,4.368216248E0,7.243137817E0
9.221425750E0,-1.572330322E0,4.329297180E0,6.883735199E0
9.231374750E0,-1.758393402E0,4.359983368E0,6.745273132E0
9.241323750E0,-2.020648041E0,4.713248749E0,6.700815582E0
9.251271750E0,-2.316582642E0,5.237608337E0,6.899901581E0
9.261220750E0,-2.395318909E0,5.664520569E0,7.525151367E0
9.271169750E0,-2.154619446E0,5.773044891E0,8.264014893E0
9.281118750E0,-1.778601379E0,5.583089905E0,8.696465607E0
9.291067750E0,-1.477876740E0,5.150938568E0,8.728648682E0
9.301015750E0,-1.398691406E0,4.722529449E0,8.504265289E0
9.310964750E0,-1.679657135E0,4.567451935E0,8.111631775E0
9.320913750E0,-2.117496643E0,4.669389954E0,7.778724060E0
9.330862750E0,-2.529140625E0,4.852309570E0,7.635322266E0
9.340811750E0,-2.821183319E0,4.985831909E0,7.656727753E0
9.350759750E0,-2.805765381E0,4.904401245E0,7.634573822E0
9.360708750E0,-2.617756348E0,4.685406647E0,7.578889618E0
9.370657750E0,-2.419269104E0,4.456682281E0,7.525001678E0
9.380606750E0,-2.217189331E0,4.241878967E0,7.621101837E0
9.390555750E0,-2.074685669E0,4.233047333E0,7.826923828E0
9.400503750E0,-2.030976563E0,4.394262085E0,8.131989441E0
9.410452750E0,-1.967957611E0,4.463118896E0,8.554860077E0
9.420401750E0,-1.928439789E0,4.461921387E0,8.984616394E0
9.430350750E0,-1.857936401E0,4.418960724E0,9.248367920E0
9.440299750E0,-1.898202667E0,4.409829712E0,9.266929321E0
9.450247750E0,-1.968107300E0,4.419858856E0,9.154513092E0
9.460196750E0,-1.971849518E0,4.315376129E0,8.903185730E0
9.470145750E0,-1.923500061E0,4.254752197E0,8.609646149E0
9.480094750E0,-1.899699554E0,4.303550720E0,8.305628357E0
9.490043750E0,-1.887275391E0,4.346810760E0,8.105195160E0
9.499992750E0,-1.833836517E0,4.422553253E0,8.125852203E0
9.509940750E0,-1.740580444E0,4.498445435E0,8.282576294E0
9.519889750E0,-1.680106201E0,4.533921661E0,8.376880188E0
9.529838750E0,-1.613045654E0,4.536166992E0,8.465645599E0
9.539787750E0,-1.469793549E0,4.510121155E0,8.579109650E0
9.549736750E0,-1.378633118E0,4.398603058E0,8.642427979E0
9.559684750E0,-1.307980042E0,4.280498657E0,8.665030975E0
9.569633750E0,-1.235381012E0,4.290677490E0,8.644822998E0
9.579582750E0,-1.169368286E0,4.322860565E0,8.645721130E0
9.589531750E0,-1.099313965E0,4.326752472E0,8.584947510E0
9.599480750E0,-1.031055908E0,4.326902161E0,8.444090424E0
9.609428750E0,-1.074315948E0,4.326453094E0,8.295748901E0
9.619377750E0,-1.259780273E0,4.315376129E0,8.226892090E0
9.629326750E0,-1.379680939E0,4.328848114E0,8.216114502E0
9.639275750E0,-1.329834595E0,4.392016754E0,8.320597229E0
9.649224750E0,-1.222358093E0,4.497996368E0,8.445287933E0
9.659172750E0,-1.081800385E0,4.536166992E0,8.594228210E0
9.669121750E0,-9.964778137E-1,4.467459869E0,8.711284790E0
9.679070750E0,-9.889933777E-1,4.411476288E0,8.802894287E0
9.689019750E0,-9.951306152E-1,4.327051849E0,8.927734680E0
9.698968750E0,-1.036893768E0,4.177213440E0,9.284143524E0
9.708917750E0,-1.020877075E0,3.976480865E0,9.733509064E0
9.718865750E0,-8.644523621E-1,3.738625488E0,9.974956970E0
9.728814750E0,-7.188052368E-1,3.459456024E0,9.813592529E0
9.738763750E0,-7.119195557E-1,3.215912476E0,9.515113220E0
9.748712750E0,-8.842112732E-1,3.126548309E0,9.310339050E0
9.758661750E0,-1.196162567E0,3.250041504E0,9.220974884E0
9.768609625E0,-1.458117828E0,3.474275208E0,9.091344452E0
9.778558625E0,-1.611099701E0,3.714525604E0,9.040001221E0
9.788507625E0,-1.684896240E0,3.893104248E0,9.175319824E0
9.798456625E0,-1.598825226E0,4.056115265E0,9.444909210E0
9.808405625E0,-1.421743469E0,4.112398224E0,9.620643768E0
9.818353625E0,-1.224154358E0,3.974385223E0,9.613458710E0
9.828302625E0,-9.934840393E-1,3.770958252E0,9.383237457E0
9.838251625E0,-9.521699524E-1,3.670068054E0,9.173373871E0
9.848200625E0,-1.094823303E0,3.718267822E0,9.046587524E0
9.858149625E0,-1.274898834E0,3.768114166E0,8.922794952E0
9.868097625E0,-1.529669037E0,3.822750549E0,8.767268372E0
9.878046625E0,-1.786684570E0,3.902834015E0,8.674910431E0
9.887995625E0,-1.909728699E0,3.932921448E0,8.703500977E0
9.897944625E0,-1.907932434E0,3.982169037E0,8.735384674E0
9.907893625E0,-1.849853210E0,3.977079620E0,8.780141602E0
9.917842625E0,-1.764530640E0,3.898642731E0,8.909622345E0
9.927790625E0,-1.740430756E0,3.916156311E0,9.019942932E0
9.937739625E0,-1.798060913E0,3.954776001E0,9.184600525E0
9.947688625E0,-1.802252197E0,3.917802887E0,9.227411499E0
9.957637625E0,-1.830543365E0,3.879931641E0,9.003477173E0
9.967586625E0,-1.970951385E0,3.889511719E0,8.680748291E0
9.977534625E0,-2.049987030E0,3.939807129E0,8.315507812E0
9.987483625E0,-2.140548706E0,4.044140167E0,8.144862671E0
9.997432625E0,-2.271226959E0,4.191583557E0,8.132737885E0
1.000738163E1,-2.435585175E0,4.325704651E0,8.120164032E0
1.001733063E1,-2.621797943E0,4.392465820E0,8.166567535E0
1.002727862E1,-2.739902344E0,4.422253876E0,8.339607697E0
1.003722762E1,-2.770887909E0,4.413272552E0,8.464597778E0
1.004717662E1,-2.721191254E0,4.244723053E0,8.574319611E0
1.005712562E1,-2.679577789E0,4.015549622E0,8.699609070E0
1.006707462E1,-2.602039032E0,3.819607086E0,8.799900513E0
1.007702362E1,-2.538720703E0,3.801644440E0,8.824150085E0
1.008697162E1,-2.481090546E0,3.851640472E0,8.803792419E0
1.009692062E1,-2.388732605E0,3.896696777E0,8.825048218E0
1.010686962E1,-2.356399841E0,3.981570282E0,8.775351563E0
1.011681862E1,-2.363135834E0,4.147425385E0,8.641529846E0
1.012676762E1,-2.383343811E0,4.208947449E0,8.519533539E0
1.013671563E1,-2.314187622E0,4.246070251E0,8.581654358E0
1.014666463E1,-2.109862518E0,4.328399048E0,8.739875336E0
1.015661363E1,-1.942211151E0,4.393663330E0,8.817863159E0
1.016656263E1,-1.847907257E0,4.471052399E0,8.720715179E0
1.017651163E1,-1.792073364E0,4.428989868E0,8.517886963E0
1.018645962E1,-1.766775970E0,4.334386597E0,8.320148163E0
1.019640862E1,-1.834435272E0,4.242477722E0,8.350085907E0
1.020635762E1,-1.891766052E0,4.257596283E0,8.438551941E0
1.021630662E1,-1.925296326E0,4.319717102E0,8.491841125E0
1.022625562E1,-1.912273407E0,4.378694458E0,8.448581085E0
1.023620462E1,-1.889969788E0,4.412524109E0,8.382418671E0
1.024615262E1,-1.876497803E0,4.361031189E0,8.433013458E0
1.025610162E1,-1.867366791E0,4.294569397E0,8.465795288E0
1.026605062E1,-1.943109283E0,4.283642120E0,8.419691162E0
1.027599962E1,-2.057770844E0,4.342918854E0,8.212671661E0
1.028594862E1,-2.182461548E0,4.438869324E0,7.938142548E0
1.029589663E1,-2.280208282E0,4.529431000E0,7.750283203E0
1.030584563E1,-2.343676300E0,4.640050964E0,7.656578064E0
1.031579462E1,-2.352657623E0,4.735552368E0,7.607929230E0
1.032574362E1,-2.280507660E0,4.807402954E0,7.512278137E0
1.033569262E1,-2.186652832E0,4.966971130E0,7.306605835E0
1.034564162E1,-2.070344696E0,5.149741058E0,7.110363922E0
1.035558962E1,-1.924398193E0,5.283562775E0,7.087311859E0
1.036553862E1,-1.830842743E0,5.312153320E0,7.168293457E0
1.037548762E1,-1.831890564E0,5.265001373E0,7.281458130E0
1.038543662E1,-1.947450256E0,5.191055145E0,7.480843506E0
1.039538562E1,-2.159708862E0,5.096900940E0,7.815996552E0
1.040533363E1,-2.245480499E0,5.005590820E0,8.128696289E0
1.041528263E1,-2.389630737E0,4.882097626E0,8.334667969E0
1.042523163E1,-2.574346619E0,4.827760620E0,8.425229645E0
1.043518063E1,-2.662962341E0,4.859644318E0,8.263715515E0
1.044512963E1,-2.617007904E0,4.853806458E0,8.108937378E0
1.045507863E1,-2.501148834E0,4.921914825E0,7.965834961E0
1.046502662E1,-2.513872375E0,5.068160706E0,8.007448425E0
1.047497562E1,-2.590812378E0,5.207670593E0,8.125103760E0
1.048492462E1,-2.619552612E0,5.215304718E0,8.128995667E0
1.049487362E1,-2.783910828E0,5.069956970E0,8.038733368E0
1.050482262E1,-2.927162933E0,4.913532257E0,7.914192352E0
1.051477062E1,-3.046165466E0,4.739593964E0,7.810009003E0
1.052471962E1,-3.283871155E0,4.581372986E0,7.275470581E0
1.053466862E1,-3.628604279E0,4.646936646E0,6.159391479E0
1.054461762E1,-3.430266724E0,4.698878632E0,6.165229340E0
1.055456662E1,-3.032394104E0,4.738546143E0,7.078929291E0
1.056451562E1,-2.768642578E0,4.844525757E0,8.066276093E0
1.057446363E1,-2.644400940E0,5.055437164E0,8.435408478E0
1.058441263E1,-2.477647705E0,5.223687286E0,8.437653809E0