"Time (s)","X (µT)","Y (µT)","Z (µT)"
1.013620832E-2,-7.626857758E0,-2.535637665E1,-3.826395416E1
2.008420831E-2,-7.611125946E0,-2.520961761E1,-3.840755463E1
3.003320831E-2,-7.661754608E0,-2.524523163E1,-3.831259918E1
3.998220834E-2,-7.945579529E0,-2.513096237E1,-3.845221710E1
4.993020833E-2,-7.945579529E0,-2.513096237E1,-3.845221710E1
5.987920833E-2,-8.073440552E0,-2.485926056E1,-3.853238678E1
6.982820833E-2,-8.214492798E0,-2.484579086E1,-3.854309845E1
7.977620832E-2,-8.441696167E0,-2.463003349E1,-3.863387299E1
8.972520832E-2,-8.602245331E0,-2.445014191E1,-3.894812775E1
9.967320831E-2,-8.944248199E0,-2.415592957E1,-3.916284943E1
1.096222083E-1,-9.159805298E0,-2.378747368E1,-3.910491180E1
1.195712083E-1,-9.443328857E0,-2.350367355E1,-3.921805573E1
1.295192083E-1,-9.776508331E0,-2.319972610E1,-3.934536743E1
1.394682083E-1,-9.930831909E0,-2.289214706E1,-3.935649109E1
1.494172083E-1,-1.023310089E1,-2.280398560E1,-3.944055176E1
1.593652083E-1,-1.051749420E1,-2.246679497E1,-3.958993530E1
1.693142083E-1,-1.086865997E1,-2.230835342E1,-3.978880310E1
1.792632083E-1,-1.110564423E1,-2.196134186E1,-3.958164215E1
1.892112083E-1,-1.147502899E1,-2.174599648E1,-3.964031219E1
1.991602083E-1,-1.205842209E1,-2.131021118E1,-3.981963348E1
2.091092083E-1,-1.251773834E1,-2.110162735E1,-3.983124542E1
2.190572083E-1,-1.319244003E1,-2.050539017E1,-3.988625336E1
2.290062083E-1,-1.379650497E1,-2.018442917E1,-3.981528473E1
2.389552083E-1,-1.446218872E1,-1.976416206E1,-3.982417297E1
2.489032083E-1,-1.486038208E1,-1.933588982E1,-3.984239197E1
2.588522083E-1,-1.546548843E1,-1.917363548E1,-3.966915131E1
2.688012083E-1,-1.565169525E1,-1.885522079E1,-3.975070953E1
2.787492083E-1,-1.590990448E1,-1.880190659E1,-3.975076294E1
2.886982083E-1,-1.608747864E1,-1.864572334E1,-3.984709167E1
2.986472083E-1,-1.623756027E1,-1.842959595E1,-3.985624695E1
3.085952083E-1,-1.624584579E1,-1.836168671E1,-3.968716431E1
3.185442083E-1,-1.633546448E1,-1.816977692E1,-3.966760254E1
3.284932083E-1,-1.633546448E1,-1.816977692E1,-3.966760254E1
3.384412083E-1,-1.638104248E1,-1.802767754E1,-3.963725281E1
3.483902083E-1,-1.653334427E1,-1.774196243E1,-3.963796997E1
3.583392083E-1,-1.690775299E1,-1.720573616E1,-3.985633850E1
3.682872083E-1,-1.708765030E1,-1.691832542E1,-4.017926025E1
3.782362083E-1,-1.725426483E1,-1.649154663E1,-4.030204773E1
3.881852083E-1,-1.729697037E1,-1.592270088E1,-4.073718262E1
3.981332083E-1,-1.743045807E1,-1.556693840E1,-4.053985596E1
4.080822083E-1,-1.732919693E1,-1.532876015E1,-4.062980652E1
4.180302083E-1,-1.733591080E1,-1.520098877E1,-4.072348022E1
4.279792083E-1,-1.729520416E1,-1.512304497E1,-4.087408447E1
4.379282083E-1,-1.733618164E1,-1.511780357E1,-4.099513245E1
4.478772083E-1,-1.752364349E1,-1.506483173E1,-4.077462769E1
4.578252083E-1,-1.766959763E1,-1.512070942E1,-4.036854553E1
4.677742083E-1,-1.802633667E1,-1.530242634E1,-4.038879395E1
4.777222083E-1,-1.827165604E1,-1.538416386E1,-3.989927673E1
4.876712083E-1,-1.849060822E1,-1.569445229E1,-3.974760437E1
4.976202083E-1,-1.873760223E1,-1.580029488E1,-3.957173157E1
5.075682083E-1,-1.895375061E1,-1.606975365E1,-3.943252563E1
5.175172083E-1,-1.901546860E1,-1.633868980E1,-3.946694946E1
5.274662083E-1,-1.878983688E1,-1.671139336E1,-3.945437622E1
5.374142083E-1,-1.857896423E1,-1.694677925E1,-3.950326538E1
5.473632083E-1,-1.796342087E1,-1.734807396E1,-3.974476624E1
5.573122083E-1,-1.759480286E1,-1.755046654E1,-3.964961243E1
5.672602083E-1,-1.694333267E1,-1.779214096E1,-3.950705719E1
5.772092083E-1,-1.655493164E1,-1.809691811E1,-3.961968231E1
5.871582083E-1,-1.611374664E1,-1.840037537E1,-3.977133942E1
5.971062083E-1,-1.600988007E1,-1.852760315E1,-3.973346710E1
6.070552083E-1,-1.576004410E1,-1.885733032E1,-3.977241516E1
6.170042083E-1,-1.576004410E1,-1.885733032E1,-3.977241516E1
6.269522083E-1,-1.574160385E1,-1.910491562E1,-3.961608887E1
6.369012083E-1,-1.557093430E1,-1.943650055E1,-3.943325806E1
6.468502083E-1,-1.573688889E1,-1.973434067E1,-3.919803619E1
6.567982083E-1,-1.582640076E1,-1.990281677E1,-3.903655243E1
6.667472083E-1,-1.594301224E1,-2.021166992E1,-3.901348114E1
6.766962083E-1,-1.621055603E1,-2.044955826E1,-3.871810150E1
6.866442083E-1,-1.630045700E1,-2.066941261E1,-3.871810913E1
6.965932083E-1,-1.644451904E1,-2.074733734E1,-3.856515503E1
7.065422083E-1,-1.644781876E1,-2.082594109E1,-3.831977844E1
7.164902083E-1,-1.648143005E1,-2.076177979E1,-3.847468567E1
7.264392083E-1,-1.634772110E1,-2.075152206E1,-3.859146118E1
7.363882083E-1,-1.605821991E1,-2.060041809E1,-3.870182800E1
7.463362083E-1,-1.546350479E1,-2.046811867E1,-3.903860474E1
7.562852083E-1,-1.494385529E1,-2.035413170E1,-3.936598969E1
7.662350833E-1,-1.441966248E1,-2.011679077E1,-3.956536102E1
7.761830833E-1,-1.421345520E1,-1.990494347E1,-3.959468842E1
7.861320833E-1,-1.397745895E1,-1.978032303E1,-3.964791107E1
7.960810833E-1,-1.383638382E1,-1.958511543E1,-4.006827545E1
8.060290833E-1,-1.372488403E1,-1.929018784E1,-4.034999847E1
8.159780833E-1,-1.390629578E1,-1.893695259E1,-4.041909027E1
8.259270833E-1,-1.409777451E1,-1.862983322E1,-4.063555145E1
8.358750833E-1,-1.438822937E1,-1.817374802E1,-4.059656525E1
8.458240833E-1,-1.465788651E1,-1.776056290E1,-4.055472565E1
8.557730833E-1,-1.494396210E1,-1.734322357E1,-4.067330933E1
8.657210833E-1,-1.514288330E1,-1.681837654E1,-4.078443909E1
8.756700833E-1,-1.546636200E1,-1.608301735E1,-4.100511169E1
8.856180833E-1,-1.570117569E1,-1.541676331E1,-4.144621277E1
8.955670833E-1,-1.593062973E1,-1.479443455E1,-4.163151550E1
9.055160833E-1,-1.593062973E1,-1.479443455E1,-4.163151550E1
9.154640833E-1,-1.594462967E1,-1.417857933E1,-4.189289856E1
9.254130833E-1,-1.593633270E1,-1.354904175E1,-4.174581909E1
9.353620833E-1,-1.582617188E1,-1.296441650E1,-4.198104858E1
9.453100833E-1,-1.576517487E1,-1.268337440E1,-4.227523804E1
9.552590833E-1,-1.566378403E1,-1.245963383E1,-4.258688354E1
9.652080833E-1,-1.533281708E1,-1.228862953E1,-4.258146667E1
9.751560833E-1,-1.529316711E1,-1.241243267E1,-4.261909485E1
9.851050833E-1,-1.526771545E1,-1.229259586E1,-4.257872009E1
9.950540833E-1,-1.518203735E1,-1.235032463E1,-4.272598267E1
1.005002083E0,-1.515888214E1,-1.226362419E1,-4.249989319E1
1.014951083E0,-1.522983551E1,-1.246061134E1,-4.270632935E1
1.024900083E0,-1.509351730E1,-1.257738972E1,-4.250463867E1
1.034848083E0,-1.503985214E1,-1.252235985E1,-4.254400635E1
1.044797083E0,-1.497522736E1,-1.239425182E1,-4.230926514E1
1.054746083E0,-1.508835983E1,-1.217952156E1,-4.241998291E1
1.064694083E0,-1.511156464E1,-1.200905132E1,-4.258384705E1
1.074643083E0,-1.518081665E1,-1.175462532E1,-4.266122437E1
1.084592083E0,-1.497723770E1,-1.161268997E1,-4.268521118E1
1.094540083E0,-1.491021729E1,-1.127716827E1,-4.293437195E1
1.104489083E0,-1.495967102E1,-1.112140846E1,-4.294557190E1
1.114438083E0,-1.481948090E1,-1.097695637E1,-4.280879211E1
1.124386083E0,-1.498405457E1,-1.071815205E1,-4.308972168E1
1.134335083E0,-1.512053680E1,-1.024307156E1,-4.297381592E1
1.144284083E0,-1.523029327E1,-1.033974743E1,-4.316203308E1
1.154232083E0,-1.530870819E1,-1.022036648E1,-4.305490112E1
1.164181083E0,-1.537627411E1,-1.010669136E1,-4.296540833E1
1.174130083E0,-1.568036652E1,-9.982371330E0,-4.284516907E1
1.184078083E0,-1.568036652E1,-9.982371330E0,-4.284516907E1
1.194027083E0,-1.579136658E1,-9.948855400E0,-4.291137695E1
1.203976083E0,-1.619409180E1,-9.684798241E0,-4.305220032E1
1.213924083E0,-1.635411453E1,-9.425438881E0,-4.295971680E1
1.223873083E0,-1.657433701E1,-9.169292450E0,-4.278594971E1
1.233822083E0,-1.660629654E1,-8.942617416E0,-4.275000000E1
1.243770083E0,-1.687213516E1,-8.772960663E0,-4.258325195E1
1.253719083E0,-1.720206451E1,-8.569525719E0,-4.250708008E1
1.263668083E0,-1.732265472E1,-8.310089111E0,-4.235447693E1
1.273616083E0,-1.749315262E1,-8.068922043E0,-4.245863342E1
1.283565083E0,-1.741540527E1,-8.037823677E0,-4.256538391E1
1.293514083E0,-1.726890945E1,-8.226060867E0,-4.252229309E1
1.303462083E0,-1.707258987E1,-8.529589653E0,-4.240429688E1
1.313411083E0,-1.682487869E1,-9.004356384E0,-4.233842468E1
1.323360083E0,-1.691839981E1,-9.480899811E0,-4.238697815E1
1.333308083E0,-1.679370117E1,-1.015951157E1,-4.240869141E1
1.343257083E0,-1.668750763E1,-1.094339180E1,-4.216484070E1
1.353205083E0,-1.674780273E1,-1.148645878E1,-4.158753204E1
1.363154083E0,-1.671582794E1,-1.221601868E1,-4.154889679E1
1.373103083E0,-1.676968002E1,-1.278563213E1,-4.150446320E1
1.383052083E0,-1.698979187E1,-1.315482616E1,-4.149533844E1
1.393000083E0,-1.696249008E1,-1.349341202E1,-4.121133423E1
1.402949083E0,-1.706172562E1,-1.340240765E1,-4.120028687E1
1.412897083E0,-1.727434158E1,-1.328643894E1,-4.117172241E1
1.422846083E0,-1.723891449E1,-1.318188953E1,-4.115328979E1
1.432795083E0,-1.737931824E1,-1.283920479E1,-4.128791809E1
1.442743083E0,-1.759282303E1,-1.260673046E1,-4.121894836E1
1.452692083E0,-1.788081360E1,-1.238868046E1,-4.106452942E1
1.462641083E0,-1.797021103E1,-1.240426731E1,-4.109909058E1
1.472589083E0,-1.797343445E1,-1.240116501E1,-4.109394836E1
1.482538083E0,-1.819480896E1,-1.229333019E1,-4.093692017E1
1.492487083E0,-1.831260300E1,-1.217345524E1,-4.092996216E1
1.502435083E0,-1.836198807E1,-1.221671104E1,-4.088880920E1
1.512384083E0,-1.828635788E1,-1.243905640E1,-4.061988831E1
1.522333083E0,-1.848623276E1,-1.244423199E1,-4.042993164E1
1.532281083E0,-1.839963913E1,-1.278796482E1,-4.058947754E1
1.542230083E0,-1.841970444E1,-1.302975464E1,-4.030111694E1
1.552179083E0,-1.819042587E1,-1.311954021E1,-4.051597595E1
1.562127083E0,-1.828321457E1,-1.335832691E1,-4.056805420E1
1.572076083E0,-1.794812775E1,-1.366142941E1,-4.071221924E1
1.582025083E0,-1.789706421E1,-1.390333080E1,-4.048580933E1
1.591973083E0,-1.760183716E1,-1.423977089E1,-4.037454224E1
1.601922083E0,-1.753337097E1,-1.431810379E1,-4.029861450E1
1.611871083E0,-1.742943573E1,-1.446981812E1,-4.037092590E1
1.621819083E0,-1.734400940E1,-1.473417664E1,-4.015568542E1
1.631768083E0,-1.731144333E1,-1.484048271E1,-4.032369995E1
1.641717083E0,-1.716600037E1,-1.491869259E1,-4.018469238E1
1.651665083E0,-1.704903412E1,-1.495462990E1,-4.027459717E1
1.661614083E0,-1.693118668E1,-1.500916672E1,-4.016265869E1
1.671563083E0,-1.672574615E1,-1.496159554E1,-4.008454895E1
1.681511083E0,-1.643498230E1,-1.486520386E1,-4.024890137E1
1.691460083E0,-1.635987091E1,-1.480569839E1,-4.058413696E1
1.701409083E0,-1.592739487E1,-1.485006714E1,-4.056134033E1
1.711357083E0,-1.592676544E1,-1.485456276E1,-4.081434631E1
1.721306083E0,-1.570429230E1,-1.488998699E1,-4.076695251E1
1.731255083E0,-1.564892197E1,-1.483994389E1,-4.099682617E1
1.741203083E0,-1.567534256E1,-1.478598881E1,-4.088534546E1
1.751152083E0,-1.567534256E1,-1.478598881E1,-4.088534546E1
1.761100708E0,-1.572663116E1,-1.485041809E1,-4.063073730E1
1.771048708E0,-1.575396347E1,-1.487066174E1,-4.073582458E1
1.780997708E0,-1.571788406E1,-1.479895210E1,-4.071267700E1
1.790946708E0,-1.569657898E1,-1.487337112E1,-4.073008728E1
1.800894708E0,-1.574775696E1,-1.489966011E1,-4.060871887E1
1.810843708E0,-1.561274338E1,-1.491744614E1,-4.034265137E1
1.820792708E0,-1.559020996E1,-1.490783691E1,-4.051574707E1
1.830740708E0,-1.552419662E1,-1.498828316E1,-4.041865540E1
1.840689708E0,-1.545294571E1,-1.500313282E1,-4.048516846E1
1.850638708E0,-1.543693542E1,-1.510245895E1,-4.068374634E1
1.860586708E0,-1.564760971E1,-1.501048851E1,-4.058947754E1
1.870535708E0,-1.555850983E1,-1.513405895E1,-4.035556030E1
1.880484708E0,-1.593979263E1,-1.483837509E1,-4.064965820E1
1.890432708E0,-1.587237167E1,-1.502880859E1,-4.061779022E1
1.900381708E0,-1.603784561E1,-1.509245586E1,-4.057656097E1
1.910330708E0,-1.596691895E1,-1.513915920E1,-4.028543854E1
1.920278708E0,-1.613579941E1,-1.518101883E1,-4.016440582E1
1.930227708E0,-1.626744461E1,-1.512540627E1,-4.009508514E1
1.940176708E0,-1.660259247E1,-1.512552643E1,-3.996411896E1
1.950124708E0,-1.663098907E1,-1.516279507E1,-3.999259186E1
1.960073708E0,-1.673947525E1,-1.501296997E1,-4.004631805E1
1.970022708E0,-1.698421478E1,-1.507888222E1,-4.000537109E1
1.979970708E0,-1.714987946E1,-1.523922729E1,-3.966410828E1
1.989919708E0,-1.720737839E1,-1.538464546E1,-3.953982544E1
1.999868708E0,-1.713400269E1,-1.542064095E1,-3.953363037E1
2.009816708E0,-1.715504456E1,-1.565823364E1,-3.935781860E1
2.019765708E0,-1.711404037E1,-1.571130276E1,-3.962005615E1
2.029714708E0,-1.715303040E1,-1.581896400E1,-3.958331299E1
2.039662708E0,-1.715303040E1,-1.581896400E1,-3.958331299E1
2.049611708E0,-1.706705475E1,-1.615408516E1,-3.943856812E1
2.059560708E0,-1.713941956E1,-1.614783478E1,-3.938938904E1
2.069509708E0,-1.718593979E1,-1.623287201E1,-3.925405884E1
2.079457708E0,-1.724535370E1,-1.643060684E1,-3.898350525E1
2.089406708E0,-1.750692749E1,-1.632271957E1,-3.899098206E1
2.099354708E0,-1.764388275E1,-1.645228577E1,-3.886416626E1
2.109303708E0,-1.778169632E1,-1.674283791E1,-3.878073120E1
2.119252708E0,-1.800529861E1,-1.663422966E1,-3.846766663E1
2.129201708E0,-1.820315170E1,-1.675622940E1,-3.873638916E1
2.139149708E0,-1.830112839E1,-1.664311600E1,-3.860188293E1
2.149098708E0,-1.833383942E1,-1.665702057E1,-3.845487976E1
2.159047708E0,-1.857035446E1,-1.648097420E1,-3.829791260E1
2.168995708E0,-1.862936020E1,-1.649435806E1,-3.830950928E1
2.178944708E0,-1.888163757E1,-1.655447006E1,-3.832956696E1
2.188893708E0,-1.889031982E1,-1.645976830E1,-3.823381805E1
2.198841708E0,-1.908131027E1,-1.632868767E1,-3.817807770E1
2.208790708E0,-1.900769043E1,-1.623363495E1,-3.813120270E1
2.218739708E0,-1.914822769E1,-1.616244888E1,-3.800428009E1
2.228687708E0,-1.918355560E1,-1.636366272E1,-3.773839569E1
2.238636708E0,-1.927959824E1,-1.624200630E1,-3.778075409E1
2.248585708E0,-1.930217361E1,-1.639365005E1,-3.778028107E1
2.258533708E0,-1.951762009E1,-1.638880157E1,-3.768331146E1
2.268482708E0,-1.962411880E1,-1.626880646E1,-3.748131561E1
2.278431708E0,-2.010852432E1,-1.619500351E1,-3.720677948E1
2.288379708E0,-2.044176483E1,-1.605712509E1,-3.704225922E1
2.298328708E0,-2.071813965E1,-1.590688896E1,-3.699291229E1
2.308277708E0,-2.123946381E1,-1.588691330E1,-3.688877106E1
2.318225708E0,-2.123612976E1,-1.589013100E1,-3.689382935E1
2.328174708E0,-2.138862228E1,-1.593142700E1,-3.695574951E1
2.338123708E0,-2.139904404E1,-1.588571930E1,-3.662011719E1
2.348071708E0,-2.139181519E1,-1.576346302E1,-3.678491211E1
2.358020708E0,-2.139797592E1,-1.548566628E1,-3.692878723E1
2.367969708E0,-2.116611862E1,-1.535263443E1,-3.724008179E1
2.377917708E0,-2.087021637E1,-1.521388626E1,-3.737699890E1
2.387866708E0,-2.055615234E1,-1.508390427E1,-3.775285339E1
2.397815708E0,-2.029570770E1,-1.482896996E1,-3.801908112E1
2.407763708E0,-1.986787033E1,-1.457792473E1,-3.824983978E1
2.417712708E0,-1.955477142E1,-1.432009411E1,-3.863005829E1
2.427661708E0,-1.938398361E1,-1.424722672E1,-3.860506439E1
2.437610708E0,-1.945881653E1,-1.407079315E1,-3.856101227E1
2.447558708E0,-1.938592911E1,-1.411920357E1,-3.847490692E1
2.457507708E0,-1.960937500E1,-1.387802887E1,-3.864498138E1
2.467456708E0,-1.976507950E1,-1.376458836E1,-3.853699493E1
2.477404708E0,-2.019279861E1,-1.360847092E1,-3.860541534E1
2.487353708E0,-2.024891663E1,-1.359902477E1,-3.835530853E1
2.497302708E0,-2.059156036E1,-1.366626358E1,-3.811862946E1
2.507250708E0,-2.066368866E1,-1.371093369E1,-3.804549408E1
2.517199708E0,-2.071405029E1,-1.353572750E1,-3.803366852E1
2.527148708E0,-2.079624939E1,-1.372772789E1,-3.810880280E1
2.537096708E0,-2.096453094E1,-1.367897701E1,-3.806351471E1
2.547045708E0,-2.070408249E1,-1.358482552E1,-3.791565704E1
2.556994708E0,-2.075594711E1,-1.371066761E1,-3.790517426E1
2.566942708E0,-2.064305496E1,-1.353639412E1,-3.765428925E1
2.576891708E0,-2.082868958E1,-1.344416809E1,-3.791616058E1
2.586840708E0,-2.081641006E1,-1.341296387E1,-3.778279877E1
2.596788708E0,-2.086369705E1,-1.318964863E1,-3.762430573E1
2.606737708E0,-2.086369705E1,-1.318964863E1,-3.762430573E1
2.616686708E0,-2.089312363E1,-1.329102039E1,-3.777150726E1
2.626635708E0,-2.102207947E1,-1.322883606E1,-3.780184174E1
2.636583708E0,-2.134816360E1,-1.329449272E1,-3.772618866E1
2.646532708E0,-2.140029907E1,-1.333715153E1,-3.763451385E1
2.656481708E0,-2.135360336E1,-1.357146549E1,-3.759491730E1
2.666429708E0,-2.146694946E1,-1.349235916E1,-3.754093170E1
2.676378708E0,-2.119147491E1,-1.368898392E1,-3.742377472E1
2.686327708E0,-2.116030884E1,-1.393308163E1,-3.739199066E1
2.696275708E0,-2.106146622E1,-1.405885887E1,-3.750560760E1
2.706224708E0,-2.084773254E1,-1.411001587E1,-3.744518280E1
2.716173708E0,-2.098812485E1,-1.425528336E1,-3.735160065E1
2.726121708E0,-2.102885818E1,-1.426438141E1,-3.741555023E1
2.736070708E0,-2.081097412E1,-1.433630943E1,-3.734212494E1
2.746019708E0,-2.068008423E1,-1.454308414E1,-3.728514862E1
2.755968708E0,-2.043268585E1,-1.450270844E1,-3.724282074E1
2.765916333E0,-2.037240601E1,-1.469196129E1,-3.699860382E1
2.775865333E0,-2.020666504E1,-1.492639160E1,-3.731336212E1
2.785814333E0,-2.007877731E1,-1.516496277E1,-3.757350922E1
2.795762333E0,-1.984830475E1,-1.530723381E1,-3.748656464E1
2.805711333E0,-1.945048141E1,-1.556364346E1,-3.757489777E1
2.815660333E0,-1.892071533E1,-1.554467487E1,-3.769803619E1
2.825608333E0,-1.852888107E1,-1.582997990E1,-3.798970795E1
2.835557333E0,-1.808321762E1,-1.589262295E1,-3.816355133E1
2.845506333E0,-1.767164230E1,-1.602858543E1,-3.827898407E1
2.855455333E0,-1.760154343E1,-1.617646217E1,-3.840502167E1
2.865403333E0,-1.703769302E1,-1.637585068E1,-3.820061493E1
2.875352333E0,-1.683514023E1,-1.651430130E1,-3.828060913E1
2.885301333E0,-1.683514023E1,-1.651430130E1,-3.828060913E1
2.895249333E0,-1.662279510E1,-1.666944695E1,-3.826283264E1
2.905198333E0,-1.675312805E1,-1.664390373E1,-3.847015381E1
2.915147333E0,-1.674508667E1,-1.660745621E1,-3.877688599E1
2.925095333E0,-1.664684677E1,-1.656289291E1,-3.846560669E1
2.935044333E0,-1.653157806E1,-1.648612213E1,-3.860995483E1
2.944993333E0,-1.643326569E1,-1.656329346E1,-3.864884949E1
2.954942333E0,-1.634798813E1,-1.663543701E1,-3.896217346E1
2.964890333E0,-1.639632034E1,-1.646895599E1,-3.868447876E1
2.974839333E0,-1.625682449E1,-1.662633705E1,-3.869581604E1
2.984788333E0,-1.601931381E1,-1.667422867E1,-3.869731140E1
2.994736333E0,-1.602940750E1,-1.680678940E1,-3.875958252E1
3.004685333E0,-1.600922394E1,-1.680517578E1,-3.852671814E1
3.014634333E0,-1.606843948E1,-1.691233826E1,-3.847100830E1
3.024582333E0,-1.608515167E1,-1.697505188E1,-3.869710541E1
3.034531333E0,-1.606022263E1,-1.692663574E1,-3.884365082E1
3.044480333E0,-1.608705521E1,-1.703561783E1,-3.860326385E1
3.054429333E0,-1.622504807E1,-1.690806770E1,-3.865904999E1
3.064377333E0,-1.611069107E1,-1.708125496E1,-3.869548798E1
3.074326333E0,-1.617644501E1,-1.700461960E1,-3.836353302E1
3.084275333E0,-1.615637207E1,-1.718117332E1,-3.845139313E1
3.094223333E0,-1.643766403E1,-1.717364502E1,-3.840493011E1
3.104172333E0,-1.626969147E1,-1.723777771E1,-3.823164368E1
3.114121333E0,-1.620555878E1,-1.728474617E1,-3.842173767E1
3.124070333E0,-1.615402603E1,-1.743504333E1,-3.830442810E1
3.134018333E0,-1.605784607E1,-1.742330551E1,-3.838993835E1
3.143967333E0,-1.586465073E1,-1.749763107E1,-3.840759277E1
3.153916333E0,-1.567161942E1,-1.751226807E1,-3.864021301E1
3.163864333E0,-1.524624634E1,-1.758820724E1,-3.892190552E1
3.173813333E0,-1.524624634E1,-1.758820724E1,-3.892190552E1
3.183762333E0,-1.505403519E1,-1.760680771E1,-3.911952972E1
3.193711333E0,-1.462154388E1,-1.774141121E1,-3.904759979E1
3.203659333E0,-1.441381073E1,-1.786483192E1,-3.915900421E1
3.213608333E0,-1.423123932E1,-1.782327461E1,-3.881055450E1
3.223557333E0,-1.413663864E1,-1.791270256E1,-3.873474884E1
3.233505333E0,-1.400650406E1,-1.797487640E1,-3.907056427E1
3.243454333E0,-1.411078262E1,-1.799071693E1,-3.897608185E1
3.253403333E0,-1.404966354E1,-1.809125137E1,-3.884368134E1
3.263352333E0,-1.401224899E1,-1.813971138E1,-3.861226654E1
3.273300333E0,-1.410863113E1,-1.818412209E1,-3.863179779E1
3.283249333E0,-1.435502625E1,-1.829645920E1,-3.872724152E1
3.293198333E0,-1.439184952E1,-1.841058350E1,-3.877129364E1
3.303146333E0,-1.406189346E1,-1.848548508E1,-3.862210846E1
3.313095333E0,-1.388389587E1,-1.851753235E1,-3.867787170E1
3.323044333E0,-1.385388947E1,-1.850442505E1,-3.867338562E1
3.332993333E0,-1.384486008E1,-1.842611694E1,-3.863873291E1
3.342941333E0,-1.364440536E1,-1.836662674E1,-3.844628906E1
3.352890333E0,-1.356500626E1,-1.817502975E1,-3.871228027E1
3.362839333E0,-1.341826248E1,-1.802510452E1,-3.894760132E1
3.372788333E0,-1.359017944E1,-1.776517296E1,-3.928608704E1
3.382736333E0,-1.385744858E1,-1.733476448E1,-3.932974243E1
3.392685333E0,-1.422218323E1,-1.684929657E1,-3.949279022E1
3.402634333E0,-1.446277618E1,-1.654974365E1,-3.938805389E1
3.412582333E0,-1.460195160E1,-1.635257912E1,-3.935129547E1
3.422531333E0,-1.486435699E1,-1.617974854E1,-3.930124664E1
3.432480333E0,-1.506530762E1,-1.607904816E1,-3.923467255E1
3.442429333E0,-1.518276596E1,-1.618776512E1,-3.922972870E1
3.452377333E0,-1.522738266E1,-1.599418259E1,-3.931527710E1
3.462326333E0,-1.522738266E1,-1.599418259E1,-3.931527710E1
3.472275333E0,-1.510839081E1,-1.621965599E1,-3.919900513E1
3.482224333E0,-1.541978455E1,-1.595750523E1,-3.936474609E1
3.492172333E0,-1.542145538E1,-1.591790199E1,-3.935830688E1
3.502121333E0,-1.578923035E1,-1.574073982E1,-3.942536926E1
3.512070333E0,-1.597835922E1,-1.566140079E1,-3.952458191E1
3.522018333E0,-1.639329910E1,-1.538274193E1,-3.918563843E1
3.531967333E0,-1.645845413E1,-1.527072906E1,-3.927281189E1
3.541916333E0,-1.650976562E1,-1.507274055E1,-3.931332397E1
3.551865333E0,-1.655046082E1,-1.474617577E1,-3.924061584E1
3.561813333E0,-1.669396210E1,-1.479712772E1,-3.947998047E1
3.571762333E0,-1.655806351E1,-1.468226337E1,-3.920837402E1
3.581711333E0,-1.672328568E1,-1.441537476E1,-3.955718231E1
3.591660333E0,-1.668777847E1,-1.443072414E1,-3.952463531E1
3.601608333E0,-1.676026154E1,-1.424182510E1,-3.952384186E1
3.611557333E0,-1.679121017E1,-1.430153465E1,-3.965262604E1
3.621506333E0,-1.690578079E1,-1.406582260E1,-3.980414581E1
3.631455333E0,-1.698958588E1,-1.411927128E1,-3.954659271E1
3.641403333E0,-1.711375427E1,-1.405537796E1,-3.934044647E1
3.651352333E0,-1.728452301E1,-1.383886242E1,-3.923877716E1
3.661301333E0,-1.759031677E1,-1.371434212E1,-3.928665924E1
3.671250333E0,-1.777216339E1,-1.366674232E1,-3.922693634E1
3.681198333E0,-1.794454193E1,-1.363598061E1,-3.905370331E1
3.691147333E0,-1.823151398E1,-1.365158939E1,-3.871605682E1
3.701096333E0,-1.839479828E1,-1.353497410E1,-3.873369598E1
3.711045333E0,-1.863121796E1,-1.347461414E1,-3.876190948E1
3.720993333E0,-1.865505600E1,-1.341593838E1,-3.876519775E1
3.730942333E0,-1.886479187E1,-1.312379074E1,-3.884437561E1
3.740891333E0,-1.886479187E1,-1.312379074E1,-3.884437561E1
3.750839333E0,-1.892502213E1,-1.316461563E1,-3.868687439E1
3.760788708E0,-1.894387817E1,-1.313381481E1,-3.851652527E1
3.770737708E0,-1.899931335E1,-1.315377998E1,-3.865841675E1
3.780686708E0,-1.933224487E1,-1.318761444E1,-3.848667908E1
3.790634708E0,-1.919005966E1,-1.335559082E1,-3.886660767E1
3.800583708E0,-1.934114456E1,-1.323741055E1,-3.874566650E1
3.810532708E0,-1.938655853E1,-1.333569431E1,-3.852243042E1
3.820481708E0,-1.950917816E1,-1.328181934E1,-3.844232178E1
3.830429708E0,-1.960903931E1,-1.335051727E1,-3.854861450E1
3.840378708E0,-1.953837585E1,-1.325922775E1,-3.822709656E1
3.850327708E0,-1.954776764E1,-1.335596371E1,-3.815466309E1
3.860276708E0,-1.969947815E1,-1.337176132E1,-3.820114136E1
3.870224708E0,-1.962543869E1,-1.341497612E1,-3.817550659E1
3.880173708E0,-1.970586395E1,-1.337186623E1,-3.833090210E1
3.890122708E0,-1.980588531E1,-1.344145584E1,-3.848196411E1
3.900071708E0,-1.989342117E1,-1.344252968E1,-3.845260620E1
3.910019708E0,-2.000798798E1,-1.343153763E1,-3.852032471E1
3.919968708E0,-2.009914780E1,-1.330949020E1,-3.814862061E1
3.929917708E0,-2.016006851E1,-1.351636410E1,-3.801066589E1
3.939866708E0,-2.032617950E1,-1.355279922E1,-3.816891479E1
3.949814708E0,-2.042252350E1,-1.351650238E1,-3.795883179E1
3.959763708E0,-2.043434525E1,-1.361340046E1,-3.791281128E1
3.969712708E0,-2.052211380E1,-1.358102798E1,-3.785050964E1
3.979661708E0,-2.053832626E1,-1.365447044E1,-3.773010254E1
3.989609708E0,-2.069931412E1,-1.360369396E1,-3.776812744E1
3.999558708E0,-2.058986664E1,-1.363354206E1,-3.771299744E1
4.009507708E0,-2.046085739E1,-1.352437401E1,-3.784188843E1
4.019456708E0,-2.021045685E1,-1.368535995E1,-3.773417664E1
4.029404708E0,-2.021552277E1,-1.368685913E1,-3.773072815E1
4.039353708E0,-2.013097382E1,-1.354360104E1,-3.776722717E1
4.049302708E0,-2.010881042E1,-1.355761528E1,-3.798815918E1
4.059251708E0,-1.976205444E1,-1.352295113E1,-3.798081970E1
4.069199708E0,-1.945546722E1,-1.364024544E1,-3.826229858E1
4.079148708E0,-1.934783173E1,-1.362604523E1,-3.847584534E1
4.089097708E0,-1.928543091E1,-1.371181011E1,-3.860572815E1
4.099046708E0,-1.933816528E1,-1.364419746E1,-3.852601624E1
4.108995708E0,-1.927853012E1,-1.362576294E1,-3.859001160E1
4.118943708E0,-1.919058228E1,-1.368176556E1,-3.860877991E1
4.128892708E0,-1.918587875E1,-1.395686054E1,-3.847328186E1
4.138841708E0,-1.919733047E1,-1.405596161E1,-3.862510681E1
4.148790708E0,-1.928041077E1,-1.417807674E1,-3.861743164E1
4.158738708E0,-1.939624023E1,-1.418020439E1,-3.837001038E1
4.168687708E0,-1.910454178E1,-1.436616325E1,-3.835636902E1
4.178636708E0,-1.936613083E1,-1.436745644E1,-3.816050720E1
4.188585708E0,-1.927550888E1,-1.435408020E1,-3.836486816E1
4.198533708E0,-1.923480988E1,-1.434211254E1,-3.841775513E1
4.208482708E0,-1.910440063E1,-1.453216934E1,-3.844248962E1
4.218431708E0,-1.911348343E1,-1.460250473E1,-3.818313599E1
4.228380708E0,-1.893672943E1,-1.475849152E1,-3.824693298E1
4.238328708E0,-1.892526245E1,-1.474682331E1,-3.831463623E1
4.248277708E0,-1.872107697E1,-1.479028797E1,-3.822685242E1
4.258226708E0,-1.849609375E1,-1.475368881E1,-3.829096985E1
4.268175708E0,-1.836477280E1,-1.482074356E1,-3.833567810E1
4.278123708E0,-1.840168762E1,-1.495446873E1,-3.848538971E1
4.288072708E0,-1.816669464E1,-1.495021439E1,-3.843257904E1
4.298021708E0,-1.802376175E1,-1.514377785E1,-3.861792755E1
4.307970708E0,-1.802376175E1,-1.514377785E1,-3.861792755E1
4.317918708E0,-1.803345871E1,-1.504435158E1,-3.857758331E1
4.327867708E0,-1.795573425E1,-1.503027725E1,-3.880292511E1
4.337816708E0,-1.789012527E1,-1.518348408E1,-3.883017731E1
4.347765708E0,-1.776532364E1,-1.504512978E1,-3.856700897E1
4.357714708E0,-1.781296539E1,-1.505118465E1,-3.876183319E1
4.367662708E0,-1.779530334E1,-1.501871872E1,-3.895259857E1
4.377611708E0,-1.788062668E1,-1.515595055E1,-3.876982880E1
4.387560708E0,-1.789306641E1,-1.512630177E1,-3.886296844E1
4.397509708E0,-1.798527908E1,-1.523495960E1,-3.878374481E1
4.407457708E0,-1.789190674E1,-1.545305061E1,-3.860207367E1
4.417406708E0,-1.805924225E1,-1.549279785E1,-3.861881256E1
4.427355708E0,-1.800392151E1,-1.550995064E1,-3.853847504E1
4.437304708E0,-1.796250153E1,-1.535670280E1,-3.821329498E1
4.447252708E0,-1.788496399E1,-1.565661335E1,-3.853961945E1
4.457201708E0,-1.784196091E1,-1.566344070E1,-3.842884064E1
4.467150708E0,-1.761470795E1,-1.575319290E1,-3.858568573E1
4.477099708E0,-1.749742508E1,-1.569883156E1,-3.844832611E1
4.487047708E0,-1.723173141E1,-1.572263622E1,-3.850699615E1
4.496996708E0,-1.727684402E1,-1.578335762E1,-3.862410736E1
4.506945708E0,-1.701056290E1,-1.580640030E1,-3.845806122E1
4.516894708E0,-1.719736862E1,-1.559667397E1,-3.842652130E1
4.526842708E0,-1.726093674E1,-1.552980042E1,-3.843846893E1
4.536791708E0,-1.743785858E1,-1.557885075E1,-3.843376923E1
4.546740708E0,-1.749324417E1,-1.551297188E1,-3.850754547E1
4.556689708E0,-1.774231339E1,-1.533017540E1,-3.860225677E1
4.566638708E0,-1.766213608E1,-1.550961304E1,-3.848314667E1
4.576586708E0,-1.760560608E1,-1.549823189E1,-3.832804108E1
4.586535708E0,-1.732270813E1,-1.563673782E1,-3.849988556E1
4.596484708E0,-1.732270813E1,-1.563673782E1,-3.849988556E1
4.606433708E0,-1.733928299E1,-1.589434624E1,-3.873183441E1
4.616381708E0,-1.737094879E1,-1.578412247E1,-3.860263824E1
4.626330708E0,-1.735546494E1,-1.575761414E1,-3.870175171E1
4.636279708E0,-1.758559799E1,-1.569927979E1,-3.860884094E1
4.646228708E0,-1.773738861E1,-1.556731701E1,-3.840310669E1
4.656176708E0,-1.800065613E1,-1.534172058E1,-3.840328979E1
4.666125708E0,-1.814892960E1,-1.536904335E1,-3.855622864E1
4.676074708E0,-1.839549637E1,-1.527970123E1,-3.852149963E1
4.686023708E0,-1.848725510E1,-1.500184059E1,-3.846485901E1
4.695971708E0,-1.860799789E1,-1.505333614E1,-3.854188538E1
4.705920708E0,-1.852785492E1,-1.499343586E1,-3.836380005E1
4.715869708E0,-1.850126266E1,-1.500707817E1,-3.864494324E1
4.725818708E0,-1.844433975E1,-1.476802063E1,-3.869712830E1
4.735767708E0,-1.837534714E1,-1.458312607E1,-3.896769714E1
4.745715708E0,-1.827186584E1,-1.452151966E1,-3.871063232E1
4.755664708E0,-1.835788345E1,-1.435661983E1,-3.877262878E1
4.765613500E0,-1.845578766E1,-1.428426456E1,-3.880017090E1
4.775562500E0,-1.865826035E1,-1.410580444E1,-3.893629456E1
4.785510500E0,-1.878715515E1,-1.400261497E1,-3.872032166E1
4.795459500E0,-1.912580872E1,-1.382445049E1,-3.895004272E1
4.805408500E0,-1.912531662E1,-1.377857876E1,-3.879574585E1
4.815357500E0,-1.967038345E1,-1.350907326E1,-3.898396301E1
4.825305500E0,-1.967936325E1,-1.347002983E1,-3.863014221E1
4.835254500E0,-1.985352325E1,-1.319780731E1,-3.831875610E1
4.845203500E0,-1.971360397E1,-1.316072655E1,-3.842567444E1
4.855152500E0,-1.990432739E1,-1.281943035E1,-3.868351746E1
4.865101500E0,-1.978258896E1,-1.272477150E1,-3.901916504E1
4.875049500E0,-1.974580383E1,-1.276680946E1,-3.884643555E1
4.884998500E0,-1.974580383E1,-1.276680946E1,-3.884643555E1
4.894947500E0,-1.976130295E1,-1.259454346E1,-3.881463623E1
4.904896500E0,-1.970535660E1,-1.271858883E1,-3.878926086E1
4.914844500E0,-1.962495422E1,-1.269186878E1,-3.870861816E1
4.924793500E0,-1.951052094E1,-1.272391033E1,-3.862402344E1
4.934742500E0,-1.950387573E1,-1.276396561E1,-3.857897949E1
4.944691500E0,-1.969861603E1,-1.269569016E1,-3.869882202E1
4.954639500E0,-1.966355515E1,-1.277670670E1,-3.875671387E1
4.964588500E0,-1.971992493E1,-1.279425240E1,-3.870806885E1
4.974537500E0,-1.974056244E1,-1.287506866E1,-3.849218750E1
4.984486500E0,-1.981841660E1,-1.286069393E1,-3.834782410E1
4.994435500E0,-1.969598389E1,-1.300307274E1,-3.823741150E1
5.004383500E0,-1.967302322E1,-1.306828785E1,-3.869688416E1
5.014332500E0,-1.977298737E1,-1.293722343E1,-3.843652344E1
5.024281500E0,-1.991359711E1,-1.306940269E1,-3.839080811E1
5.034230500E0,-1.995938110E1,-1.333590889E1,-3.844796753E1
5.044178500E0,-2.006150818E1,-1.337235165E1,-3.839399719E1
5.054127500E0,-2.010353088E1,-1.332213974E1,-3.832615662E1
5.064076500E0,-2.033713150E1,-1.337889099E1,-3.817672729E1
5.074025500E0,-2.026562500E1,-1.342937279E1,-3.815278625E1
5.083973500E0,-2.033979797E1,-1.344209290E1,-3.828097534E1
5.093922500E0,-2.041514969E1,-1.333084393E1,-3.815684509E1
5.103871500E0,-2.051412964E1,-1.329319954E1,-3.817265320E1
5.113820500E0,-2.047397614E1,-1.302207375E1,-3.823234558E1
5.123769500E0,-2.023666382E1,-1.323121262E1,-3.827214050E1
5.133717500E0,-2.009565735E1,-1.300053406E1,-3.815135193E1
5.143666500E0,-1.988373947E1,-1.305212116E1,-3.851172638E1
5.153615500E0,-1.965697861E1,-1.299018669E1,-3.850679779E1
5.163564500E0,-1.965697861E1,-1.299018669E1,-3.850679779E1
5.173512500E0,-1.915059280E1,-1.303509808E1,-3.877622223E1
5.183461500E0,-1.912167740E1,-1.309416389E1,-3.881064606E1
5.193410500E0,-1.867284775E1,-1.332518959E1,-3.882859039E1
5.203359500E0,-1.855193329E1,-1.344573975E1,-3.880782318E1
5.213307500E0,-1.836535645E1,-1.359674931E1,-3.895505524E1
5.223256500E0,-1.839379883E1,-1.375185776E1,-3.877707672E1
5.233205500E0,-1.850652313E1,-1.401571941E1,-3.867656708E1
5.243154500E0,-1.859065247E1,-1.410499763E1,-3.875131989E1
5.253103500E0,-1.878591156E1,-1.410097694E1,-3.882317352E1
5.263051500E0,-1.892943573E1,-1.413430595E1,-3.866436005E1
5.273000500E0,-1.898758698E1,-1.424868298E1,-3.854534149E1
5.282949500E0,-1.887695312E1,-1.426902103E1,-3.865792084E1
5.292898500E0,-1.883328247E1,-1.424489021E1,-3.871665192E1
5.302846500E0,-1.879283524E1,-1.428003025E1,-3.869782257E1
5.312795500E0,-1.873020554E1,-1.444466782E1,-3.876168060E1
5.322744500E0,-1.852597809E1,-1.457574081E1,-3.879657745E1
5.332693500E0,-1.845931625E1,-1.458568001E1,-3.877704620E1
5.342641500E0,-1.841646957E1,-1.464315414E1,-3.877632904E1
5.352590500E0,-1.827735519E1,-1.454669476E1,-3.854825592E1
5.362539500E0,-1.825400543E1,-1.459702873E1,-3.853580475E1
5.372488500E0,-1.824359512E1,-1.460118103E1,-3.872635651E1
5.382437500E0,-1.834349442E1,-1.466283798E1,-3.884351349E1
5.392385500E0,-1.843654633E1,-1.469828701E1,-3.884757233E1
5.402334500E0,-1.834287262E1,-1.468440533E1,-3.888384247E1
5.412283500E0,-1.832971573E1,-1.471030998E1,-3.900855255E1
5.422232500E0,-1.835430908E1,-1.471594620E1,-3.879894257E1
5.432180500E0,-1.855836487E1,-1.467459679E1,-3.880597687E1
5.442129500E0,-1.850096130E1,-1.479285908E1,-3.861096954E1
5.452078500E0,-1.850096130E1,-1.479285908E1,-3.861096954E1
5.462027500E0,-1.865907288E1,-1.461673450E1,-3.862993622E1
5.471975500E0,-1.843715286E1,-1.476726532E1,-3.878832245E1
5.481924500E0,-1.860509491E1,-1.467262077E1,-3.871813202E1
5.491873500E0,-1.841527557E1,-1.470752335E1,-3.858469391E1
5.501822500E0,-1.850572205E1,-1.455925179E1,-3.857015228E1
5.511771500E0,-1.843402863E1,-1.452856827E1,-3.853600311E1
5.521719500E0,-1.859831238E1,-1.443857670E1,-3.844579315E1
5.531668500E0,-1.850550842E1,-1.444218636E1,-3.847379303E1
5.541617500E0,-1.881225204E1,-1.421861744E1,-3.860596466E1
5.551566500E0,-1.879214859E1,-1.428140545E1,-3.840610504E1
5.561514500E0,-1.892608643E1,-1.418864250E1,-3.854462433E1
5.571463500E0,-1.892364502E1,-1.411279106E1,-3.855200958E1
5.581412500E0,-1.895842743E1,-1.409587479E1,-3.850530243E1
5.591361500E0,-1.908596802E1,-1.419503593E1,-3.857686615E1
5.601310500E0,-1.924534607E1,-1.391709709E1,-3.862758636E1
5.611258500E0,-1.914033508E1,-1.395256710E1,-3.875440216E1
5.621207500E0,-1.910931396E1,-1.413887978E1,-3.854627228E1
5.631156500E0,-1.924647522E1,-1.417772579E1,-3.859331512E1
5.641105500E0,-1.908939743E1,-1.411689949E1,-3.844133759E1
5.651053500E0,-1.911871338E1,-1.404745293E1,-3.844324493E1
5.661002500E0,-1.913728333E1,-1.426482773E1,-3.855667877E1
5.670951500E0,-1.901107407E1,-1.438776875E1,-3.853134918E1
5.680900500E0,-1.891944122E1,-1.447001457E1,-3.837828827E1
5.690849500E0,-1.896267700E1,-1.456106949E1,-3.834163666E1
5.700797500E0,-1.881514740E1,-1.457490349E1,-3.800306702E1
5.710746500E0,-1.895124435E1,-1.467198181E1,-3.807803345E1
5.720695500E0,-1.882878113E1,-1.482327843E1,-3.802742004E1
5.730644500E0,-1.882878113E1,-1.482327843E1,-3.802742004E1
5.740592500E0,-1.880355453E1,-1.488527775E1,-3.786111450E1
5.750541500E0,-1.855540466E1,-1.527297592E1,-3.802850342E1
5.760490500E0,-1.821638489E1,-1.531866837E1,-3.827565765E1
5.770439083E0,-1.813571167E1,-1.551173592E1,-3.831377411E1
5.780387083E0,-1.794789886E1,-1.545517731E1,-3.834879303E1
5.790336083E0,-1.775748444E1,-1.547666359E1,-3.830393219E1
5.800285083E0,-1.783514404E1,-1.545984459E1,-3.812169647E1
5.810234083E0,-1.776470184E1,-1.541371918E1,-3.792572784E1
5.820183083E0,-1.777672195E1,-1.526703453E1,-3.805362701E1
5.830131083E0,-1.782090378E1,-1.523263264E1,-3.798836517E1
5.840080083E0,-1.808980942E1,-1.513112545E1,-3.822014618E1
5.850029083E0,-1.818123245E1,-1.517935753E1,-3.828452301E1
5.859978083E0,-1.817572403E1,-1.511946678E1,-3.806340790E1
5.869926083E0,-1.802945709E1,-1.508409309E1,-3.821155548E1
5.879875083E0,-1.812175369E1,-1.514304733E1,-3.809581757E1
5.889824083E0,-1.801593018E1,-1.525720787E1,-3.797388458E1
5.899773083E0,-1.806190491E1,-1.529928398E1,-3.794072723E1
5.909722083E0,-1.799976730E1,-1.538579369E1,-3.780210114E1
5.919670083E0,-1.810875320E1,-1.535401154E1,-3.801773834E1
5.929619083E0,-1.835939026E1,-1.529295158E1,-3.788140106E1
5.939568083E0,-1.861801910E1,-1.505113983E1,-3.776721954E1
5.949517083E0,-1.864051819E1,-1.515548992E1,-3.767482758E1
5.959465083E0,-1.857910156E1,-1.513867569E1,-3.787543488E1
5.969414083E0,-1.849564743E1,-1.507594585E1,-3.799161530E1
5.979363083E0,-1.864877701E1,-1.491534901E1,-3.791846466E1
5.989312083E0,-1.853456879E1,-1.486296082E1,-3.805429840E1
5.999260083E0,-1.827266312E1,-1.479728127E1,-3.821176910E1
6.009209083E0,-1.834487915E1,-1.479568195E1,-3.837790680E1
6.019158083E0,-1.834487915E1,-1.479568195E1,-3.837790680E1
6.029107083E0,-1.828067017E1,-1.479901505E1,-3.830974579E1
6.039056083E0,-1.816911697E1,-1.472728443E1,-3.832663727E1
6.049004083E0,-1.816136169E1,-1.485207367E1,-3.820694733E1
6.058953083E0,-1.820755386E1,-1.483214760E1,-3.815167999E1
6.068902083E0,-1.815539169E1,-1.492505932E1,-3.793434906E1
6.078851083E0,-1.869040680E1,-1.483227825E1,-3.778926849E1
6.088799083E0,-1.880467987E1,-1.496223736E1,-3.755999756E1
6.098748083E0,-1.907527542E1,-1.491529465E1,-3.746520996E1
6.108697083E0,-1.922392273E1,-1.497783279E1,-3.768208313E1
6.118646083E0,-1.959865189E1,-1.484734917E1,-3.764616394E1
6.128595083E0,-1.939228821E1,-1.485730362E1,-3.742564392E1
6.138543083E0,-1.946336746E1,-1.475344467E1,-3.755645752E1
6.148492083E0,-1.933245468E1,-1.475678539E1,-3.741513062E1
6.158441083E0,-1.941381073E1,-1.459832954E1,-3.726860046E1
6.168390083E0,-1.931138611E1,-1.485528851E1,-3.724087524E1
6.178338083E0,-1.952347946E1,-1.462566662E1,-3.750317383E1
6.188287083E0,-1.942585373E1,-1.461415100E1,-3.724154663E1
6.198236083E0,-1.963771820E1,-1.441320801E1,-3.746269226E1
6.208185083E0,-1.971677017E1,-1.436426926E1,-3.735044861E1
6.218134083E0,-1.962801361E1,-1.443268013E1,-3.717646790E1
6.228082083E0,-1.972906113E1,-1.436401558E1,-3.699136353E1
6.238031083E0,-1.970660400E1,-1.445760536E1,-3.729391479E1
6.247980083E0,-1.941154099E1,-1.452624702E1,-3.724468994E1
6.257929083E0,-1.945511627E1,-1.463934422E1,-3.738212585E1
6.267877083E0,-1.933451462E1,-1.474537945E1,-3.727690125E1
6.277826083E0,-1.928138351E1,-1.479684448E1,-3.719656372E1
6.287775083E0,-1.918789673E1,-1.486315727E1,-3.726744080E1
6.297724083E0,-1.911655426E1,-1.478759575E1,-3.712387085E1
6.307672083E0,-1.911655426E1,-1.478759575E1,-3.712387085E1
6.317621083E0,-1.929217148E1,-1.484697819E1,-3.683374023E1
6.327570083E0,-1.949729156E1,-1.492227936E1,-3.681187439E1
6.337519083E0,-1.962097931E1,-1.482613468E1,-3.676486206E1
6.347468083E0,-1.999256134E1,-1.486542416E1,-3.673771667E1
6.357416083E0,-2.019413376E1,-1.486970425E1,-3.657329559E1
6.367365083E0,-2.034351730E1,-1.481813908E1,-3.651709747E1
6.377314083E0,-2.049749756E1,-1.470324326E1,-3.626692963E1
6.387263083E0,-2.056645203E1,-1.470354271E1,-3.642876434E1
6.397212083E0,-2.068636322E1,-1.470538521E1,-3.643939972E1
6.407160083E0,-2.059422302E1,-1.485961723E1,-3.636582184E1
6.417109083E0,-2.053015518E1,-1.489425659E1,-3.637844086E1
6.427058083E0,-2.050775146E1,-1.482970047E1,-3.616515350E1
6.437007083E0,-2.051863098E1,-1.468178749E1,-3.616542816E1
6.446955083E0,-2.061705780E1,-1.484336090E1,-3.631446075E1
6.456904083E0,-2.065179443E1,-1.468662453E1,-3.616555023E1
6.466853083E0,-2.052319336E1,-1.458254528E1,-3.622424316E1
6.476802083E0,-2.063194275E1,-1.447930717E1,-3.626426697E1
6.486750083E0,-2.057308578E1,-1.447448540E1,-3.647731018E1
6.496699083E0,-2.065527725E1,-1.450004196E1,-3.630140686E1
6.506648083E0,-2.034692383E1,-1.454142857E1,-3.644760132E1
6.516597083E0,-2.023441696E1,-1.454784775E1,-3.626132202E1
6.526546083E0,-2.016935349E1,-1.479611397E1,-3.622477722E1
6.536494083E0,-2.008856964E1,-1.501790524E1,-3.626472473E1
6.546443083E0,-1.986189651E1,-1.499723816E1,-3.643204498E1
6.556392083E0,-1.962943268E1,-1.513296700E1,-3.634189606E1
6.566341083E0,-1.957695007E1,-1.515177345E1,-3.634636688E1
6.576289083E0,-1.965605164E1,-1.530472088E1,-3.620619965E1
6.586238083E0,-1.965605164E1,-1.530472088E1,-3.620619965E1
6.596187083E0,-1.973225021E1,-1.542876816E1,-3.604930878E1
6.606136083E0,-1.978334427E1,-1.554870415E1,-3.620650482E1
6.616085083E0,-1.993668365E1,-1.564139271E1,-3.614522552E1
6.626033083E0,-2.000217056E1,-1.560504913E1,-3.593099213E1
6.635982083E0,-1.995756149E1,-1.564484215E1,-3.585727692E1
6.645931083E0,-1.994260406E1,-1.573020077E1,-3.585146332E1
6.655880083E0,-1.978791428E1,-1.555132580E1,-3.600174713E1
6.665828083E0,-1.949960327E1,-1.560737991E1,-3.610860443E1
6.675777083E0,-1.921467590E1,-1.566065407E1,-3.618088531E1
6.685726083E0,-1.909215546E1,-1.567916775E1,-3.626958466E1
6.695675083E0,-1.880491638E1,-1.572969437E1,-3.659499359E1
6.705624083E0,-1.848669434E1,-1.555002117E1,-3.651212311E1
6.715572083E0,-1.840298080E1,-1.555321312E1,-3.665608978E1
6.725521083E0,-1.809643936E1,-1.579903316E1,-3.678675079E1
6.735470083E0,-1.813270950E1,-1.569311714E1,-3.677510834E1
6.745419083E0,-1.818991852E1,-1.582283783E1,-3.664586639E1
6.755368083E0,-1.830360413E1,-1.582241440E1,-3.670485687E1
6.765316083E0,-1.814363098E1,-1.588051414E1,-3.670478058E1
6.775265083E0,-1.828160858E1,-1.564148521E1,-3.672301483E1
6.785214083E0,-1.811940384E1,-1.585674667E1,-3.685334015E1
6.795163083E0,-1.820408630E1,-1.577458668E1,-3.682163239E1
6.805111083E0,-1.806542206E1,-1.585404301E1,-3.681114960E1
6.815060083E0,-1.809211731E1,-1.570695686E1,-3.683974457E1
6.825009083E0,-1.795069885E1,-1.589022636E1,-3.687879181E1
6.834958083E0,-1.782971573E1,-1.591055489E1,-3.678227997E1
6.844907083E0,-1.769163513E1,-1.594679642E1,-3.674118805E1
6.854855083E0,-1.767179108E1,-1.584214401E1,-3.669744110E1
6.864804083E0,-1.756531143E1,-1.587581444E1,-3.670056915E1
6.874753083E0,-1.756531143E1,-1.587581444E1,-3.670056915E1
6.884702083E0,-1.772410202E1,-1.579096222E1,-3.674391937E1
6.894650083E0,-1.762634277E1,-1.582129478E1,-3.671942902E1
6.904599083E0,-1.753209305E1,-1.586447620E1,-3.661853790E1
6.914548083E0,-1.743416214E1,-1.591573620E1,-3.679277802E1
6.924497083E0,-1.745087051E1,-1.591105843E1,-3.666222382E1
6.934446083E0,-1.736547089E1,-1.611003685E1,-3.675907135E1
6.944394083E0,-1.711539459E1,-1.628244781E1,-3.704347992E1
6.954343083E0,-1.690553284E1,-1.634245682E1,-3.694292450E1
6.964292083E0,-1.679095459E1,-1.643159103E1,-3.700939178E1
6.974241083E0,-1.681911087E1,-1.642502022E1,-3.679396820E1
6.984189083E0,-1.664101791E1,-1.656890106E1,-3.688173676E1
6.994138083E0,-1.655894852E1,-1.671772194E1,-3.670207977E1
7.004087083E0,-1.661524582E1,-1.684519005E1,-3.679528046E1
7.014036083E0,-1.675820923E1,-1.693743515E1,-3.693433380E1
7.023985083E0,-1.661033630E1,-1.696709442E1,-3.689765167E1
7.033933083E0,-1.659180450E1,-1.704590034E1,-3.682305145E1
7.043882083E0,-1.652389526E1,-1.717625618E1,-3.687371063E1
7.053831083E0,-1.627531052E1,-1.712260056E1,-3.680113983E1
7.063780083E0,-1.599169540E1,-1.728943634E1,-3.677187347E1
7.073728083E0,-1.582925034E1,-1.724255753E1,-3.693000031E1
7.083677083E0,-1.549095917E1,-1.722542763E1,-3.690235138E1
7.093626083E0,-1.539670944E1,-1.721938324E1,-3.723670197E1
7.103575083E0,-1.516239548E1,-1.727077103E1,-3.715166473E1
7.113524083E0,-1.531550980E1,-1.710475731E1,-3.722089386E1
7.123472083E0,-1.522224808E1,-1.716793442E1,-3.731941986E1
7.133421083E0,-1.524899673E1,-1.712281036E1,-3.702417755E1
7.143370083E0,-1.511454773E1,-1.719404221E1,-3.710886383E1
7.153319083E0,-1.511454773E1,-1.719404221E1,-3.710886383E1
7.163268083E0,-1.521009064E1,-1.724576569E1,-3.730458832E1
7.173216083E0,-1.491665649E1,-1.742945480E1,-3.713053131E1
7.183165083E0,-1.485710526E1,-1.741106415E1,-3.701581573E1
7.193114083E0,-1.457035446E1,-1.760483932E1,-3.689093781E1
7.203063083E0,-1.479592133E1,-1.771461487E1,-3.705225372E1
7.213011083E0,-1.469436264E1,-1.787749863E1,-3.697794342E1
7.222960083E0,-1.477101517E1,-1.774373245E1,-3.697908783E1
7.232909083E0,-1.493972778E1,-1.773104095E1,-3.683342743E1
7.242858083E0,-1.511606216E1,-1.797218704E1,-3.661357880E1
7.252807083E0,-1.529775238E1,-1.787502670E1,-3.650959015E1
7.262755083E0,-1.554745865E1,-1.784440613E1,-3.638707733E1
7.272704083E0,-1.565892792E1,-1.777006340E1,-3.613361359E1
7.282653083E0,-1.580004120E1,-1.772428894E1,-3.631764984E1
7.292602083E0,-1.582729721E1,-1.767037201E1,-3.629553986E1
7.302550083E0,-1.579532623E1,-1.777964020E1,-3.616823578E1
7.312499083E0,-1.576348877E1,-1.784189415E1,-3.623606110E1
7.322448083E0,-1.561459351E1,-1.778441238E1,-3.637084198E1
7.332397083E0,-1.532928085E1,-1.789079094E1,-3.630443573E1
7.342346083E0,-1.529112244E1,-1.769951630E1,-3.627066803E1
7.352294083E0,-1.515246582E1,-1.787552643E1,-3.651227570E1
7.362243083E0,-1.498387909E1,-1.803493309E1,-3.660056305E1
7.372192083E0,-1.478462601E1,-1.805077744E1,-3.687773132E1
7.382141083E0,-1.462677765E1,-1.812139893E1,-3.636978149E1
7.392090083E0,-1.456138611E1,-1.807357025E1,-3.629145813E1
7.402038083E0,-1.457552338E1,-1.824973106E1,-3.632450867E1
7.411987083E0,-1.454373169E1,-1.819929886E1,-3.633615112E1
7.421936083E0,-1.446021271E1,-1.827171707E1,-3.645852661E1
7.431885083E0,-1.431885529E1,-1.835918808E1,-3.633888245E1
7.441833083E0,-1.431885529E1,-1.835918808E1,-3.633888245E1
7.451782083E0,-1.420589066E1,-1.846008873E1,-3.616700745E1
7.461731083E0,-1.419004440E1,-1.840553665E1,-3.611273193E1
7.471680083E0,-1.404837799E1,-1.851575089E1,-3.617346191E1
7.481629083E0,-1.410884476E1,-1.861152267E1,-3.609497070E1
7.491577083E0,-1.382181549E1,-1.875506973E1,-3.634346008E1
7.501526083E0,-1.382923126E1,-1.895455551E1,-3.639920044E1
7.511475083E0,-1.357477570E1,-1.905543900E1,-3.636931610E1
7.521424083E0,-1.351765823E1,-1.903723526E1,-3.624160004E1
7.531373083E0,-1.340828705E1,-1.933655548E1,-3.613451385E1
7.541321083E0,-1.334160614E1,-1.951438904E1,-3.613419342E1
7.551270083E0,-1.322792053E1,-1.955369186E1,-3.591876984E1
7.561219083E0,-1.321428680E1,-1.967408371E1,-3.576856232E1
7.571168083E0,-1.298440170E1,-1.981499481E1,-3.599469757E1
7.581116083E0,-1.319023132E1,-1.994638824E1,-3.608738708E1
7.591065083E0,-1.331643295E1,-2.003284454E1,-3.583161926E1
7.601014083E0,-1.304738235E1,-2.019721985E1,-3.565904236E1
7.610963083E0,-1.314744949E1,-2.025448036E1,-3.574475098E1
7.620912083E0,-1.299832916E1,-2.037403679E1,-3.558924103E1
7.630860083E0,-1.293193436E1,-2.057542038E1,-3.545439911E1
7.640809083E0,-1.278048706E1,-2.068417358E1,-3.536438751E1
7.650758083E0,-1.275688934E1,-2.070617294E1,-3.543303680E1
7.660707083E0,-1.256283188E1,-2.095698547E1,-3.531163788E1
7.670656083E0,-1.245733261E1,-2.101527023E1,-3.533336639E1
7.680604083E0,-1.248339081E1,-2.109910583E1,-3.513616943E1
7.690553083E0,-1.243735123E1,-2.122865295E1,-3.543251038E1
7.700502083E0,-1.228936768E1,-2.135924911E1,-3.522772217E1
7.710451083E0,-1.224205399E1,-2.143254852E1,-3.507749939E1
7.720400083E0,-1.213457108E1,-2.166825867E1,-3.522741699E1
7.730348083E0,-1.213457108E1,-2.166825867E1,-3.522741699E1
7.740297083E0,-1.197779465E1,-2.180674744E1,-3.511212158E1
7.750246083E0,-1.198496628E1,-2.194686890E1,-3.514901733E1
7.760195083E0,-1.192433929E1,-2.186581993E1,-3.515406799E1
7.770143250E0,-1.197320175E1,-2.201077271E1,-3.509870911E1
7.780092250E0,-1.178760910E1,-2.214365578E1,-3.530308533E1
7.790041250E0,-1.160916519E1,-2.236211395E1,-3.514674377E1
7.799990250E0,-1.146418762E1,-2.241500092E1,-3.471884918E1
7.809939250E0,-1.111900330E1,-2.265556717E1,-3.486472321E1
7.819887250E0,-1.102258301E1,-2.271815109E1,-3.493134308E1
7.829836250E0,-1.067427444E1,-2.289220428E1,-3.481287384E1
7.839785250E0,-1.055701065E1,-2.306306076E1,-3.453168488E1
7.849734250E0,-1.030526352E1,-2.291489601E1,-3.473149872E1
7.859683250E0,-1.014226913E1,-2.299528122E1,-3.486518097E1
7.869631250E0,-9.743854523E0,-2.298997116E1,-3.511663818E1
7.879580250E0,-9.508331299E0,-2.280289459E1,-3.500244141E1
7.889529250E0,-9.109287262E0,-2.272774315E1,-3.532453918E1
7.899478250E0,-8.786960602E0,-2.259986877E1,-3.527992249E1
7.909427250E0,-8.521820068E0,-2.261855698E1,-3.551419830E1
7.919375250E0,-8.136009216E0,-2.265144348E1,-3.529663849E1
7.929324250E0,-8.109828949E0,-2.278754807E1,-3.538654327E1
7.939273250E0,-8.047691345E0,-2.283173370E1,-3.539363861E1
7.949222250E0,-8.030864716E0,-2.291253662E1,-3.512808228E1
7.959170250E0,-8.053119659E0,-2.309831429E1,-3.515344238E1
7.969119250E0,-8.059562683E0,-2.303895950E1,-3.496162415E1
7.979068250E0,-8.336437225E0,-2.305193329E1,-3.510626221E1
7.989017250E0,-8.456531525E0,-2.310112381E1,-3.525344849E1
7.998966250E0,-8.394226074E0,-2.324072266E1,-3.513514709E1
8.008914250E0,-8.394226074E0,-2.324072266E1,-3.513514709E1
8.018863250E0,-8.314598083E0,-2.343546295E1,-3.510534668E1
8.028812250E0,-8.006961823E0,-2.351358032E1,-3.518404388E1
8.038761250E0,-7.925865173E0,-2.339808273E1,-3.537306976E1
8.048710250E0,-7.756618500E0,-2.341045761E1,-3.519005585E1
8.058658250E0,-7.569881439E0,-2.326045609E1,-3.526189423E1
8.068607250E0,-7.302639008E0,-2.321333313E1,-3.536870575E1
8.078556250E0,-7.290962219E0,-2.299386024E1,-3.535355377E1
8.088505250E0,-6.912418365E0,-2.302055550E1,-3.540616608E1
8.098454250E0,-7.012626648E0,-2.301917839E1,-3.564574432E1
8.108402250E0,-6.738140106E0,-2.282417679E1,-3.591503143E1
8.118351250E0,-6.875270844E0,-2.287067413E1,-3.569657135E1
8.128300250E0,-6.701385498E0,-2.282064056E1,-3.588295746E1
8.138249250E0,-6.651176453E0,-2.272051239E1,-3.590064240E1
8.148198250E0,-6.619201660E0,-2.257886124E1,-3.594113922E1
8.158146250E0,-6.881790161E0,-2.260527420E1,-3.611022186E1
8.168095250E0,-6.922988892E0,-2.260496521E1,-3.582479095E1
8.178044250E0,-7.391624451E0,-2.256866837E1,-3.585147858E1
8.187993250E0,-7.455238342E0,-2.235487556E1,-3.573630524E1
8.197942250E0,-7.484447479E0,-2.240445328E1,-3.553646088E1
8.207890250E0,-7.560112000E0,-2.243297386E1,-3.559447479E1
8.217839250E0,-7.734493256E0,-2.226968765E1,-3.547661591E1
8.227788250E0,-7.720874786E0,-2.236867142E1,-3.573944855E1
8.237737250E0,-7.674232483E0,-2.246942139E1,-3.584770966E1
8.247685250E0,-7.659416199E0,-2.247859001E1,-3.590679169E1
8.257634250E0,-7.750713348E0,-2.247050095E1,-3.591448212E1
8.267583250E0,-7.576423645E0,-2.239516068E1,-3.567400360E1
8.277532250E0,-7.552066803E0,-2.253168488E1,-3.568183136E1
8.287481250E0,-7.771892548E0,-2.247267723E1,-3.585778046E1
8.297429250E0,-7.771892548E0,-2.247267723E1,-3.585778046E1
8.307378250E0,-7.737274170E0,-2.237948227E1,-3.565094757E1
8.317327250E0,-7.872047424E0,-2.250626373E1,-3.561815643E1
8.327276250E0,-8.063587189E0,-2.243161392E1,-3.561809540E1
8.337225250E0,-8.154823303E0,-2.242896843E1,-3.564235687E1
8.347173250E0,-8.217533112E0,-2.242593384E1,-3.537325287E1
8.357122250E0,-8.133632660E0,-2.253645706E1,-3.527140045E1
8.367071250E0,-8.117317200E0,-2.275670624E1,-3.540303802E1
8.377020250E0,-8.019557953E0,-2.281849670E1,-3.536147308E1
8.386969250E0,-8.114356995E0,-2.268171692E1,-3.535895538E1
8.396917250E0,-8.091548920E0,-2.294253922E1,-3.514780426E1
8.406866250E0,-8.229888916E0,-2.306612396E1,-3.517057037E1
8.416815250E0,-8.306911469E0,-2.314459991E1,-3.517961884E1
8.426764250E0,-8.192909241E0,-2.355990219E1,-3.506362152E1
8.436713250E0,-8.233161926E0,-2.365302658E1,-3.478073883E1
8.446661250E0,-8.174800873E0,-2.399531937E1,-3.448880768E1
8.456610250E0,-8.192966461E0,-2.416766548E1,-3.423706818E1
8.466559250E0,-7.862220764E0,-2.447340775E1,-3.418315887E1
8.476508250E0,-7.894886017E0,-2.473768234E1,-3.402883148E1
8.486457250E0,-7.765525818E0,-2.512087250E1,-3.387938690E1
8.496405250E0,-7.788791656E0,-2.546041107E1,-3.365221405E1
8.506354250E0,-7.758937836E0,-2.587097168E1,-3.364995575E1
8.516303250E0,-7.924732208E0,-2.613360214E1,-3.345458221E1
8.526252250E0,-8.119461060E0,-2.634738922E1,-3.301609039E1
8.536201250E0,-8.082740784E0,-2.656995392E1,-3.293209076E1
8.546149250E0,-8.014575958E0,-2.684860992E1,-3.284409332E1
8.556098250E0,-7.941703796E0,-2.702006149E1,-3.268328094E1
8.566047250E0,-7.793617249E0,-2.734622192E1,-3.256409454E1
8.575996250E0,-7.827228546E0,-2.760556030E1,-3.238385773E1
8.585945250E0,-7.827228546E0,-2.760556030E1,-3.238385773E1
8.595893250E0,-7.669528961E0,-2.781381226E1,-3.209188080E1
8.605842250E0,-7.647235870E0,-2.795236969E1,-3.196766663E1
8.615791250E0,-7.710384369E0,-2.811318207E1,-3.200389099E1
8.625740250E0,-7.709091187E0,-2.818183136E1,-3.172280884E1
8.635689250E0,-7.774295807E0,-2.823435593E1,-3.181158447E1
8.645637250E0,-7.903266907E0,-2.819738007E1,-3.157641602E1
8.655586250E0,-8.209304810E0,-2.826905060E1,-3.149899292E1
8.665535250E0,-8.395767212E0,-2.830218506E1,-3.142895508E1
8.675484250E0,-8.538295746E0,-2.838545036E1,-3.109774780E1
8.685433250E0,-8.816066742E0,-2.853131866E1,-3.111315918E1
8.695381250E0,-8.873836517E0,-2.869699287E1,-3.109246826E1
8.705330250E0,-8.782230377E0,-2.885782433E1,-3.087896729E1
8.715279250E0,-8.652858734E0,-2.915208626E1,-3.088973236E1
8.725228250E0,-8.421684265E0,-2.947250938E1,-3.051378632E1
8.735177250E0,-7.987560272E0,-2.958528709E1,-3.036696625E1
8.745125250E0,-7.469055176E0,-2.987752342E1,-3.024129486E1
8.755074250E0,-7.256694794E0,-2.999028778E1,-3.021927643E1
8.765023750E0,-6.777473450E0,-3.006937027E1,-3.023285675E1
8.774972750E0,-6.658294678E0,-3.012751770E1,-3.013736725E1
8.784921750E0,-6.487457275E0,-3.010523987E1,-3.021030426E1
8.794869750E0,-6.562679291E0,-2.977798462E1,-3.014888000E1
8.804818750E0,-6.333625793E0,-2.964016342E1,-3.069816589E1
8.814767750E0,-6.585990906E0,-2.925048065E1,-3.103225708E1
8.824716750E0,-6.840343475E0,-2.883376312E1,-3.136474609E1
8.834665750E0,-7.097385406E0,-2.839693069E1,-3.185715485E1
8.844613750E0,-7.146469116E0,-2.811933517E1,-3.213990021E1
8.854562750E0,-7.497699738E0,-2.775845718E1,-3.227681732E1
8.864511750E0,-7.497699738E0,-2.775845718E1,-3.227681732E1
8.874460750E0,-7.323146820E0,-2.761437988E1,-3.238132477E1
8.884409750E0,-7.369255066E0,-2.750580406E1,-3.240981293E1
8.894357750E0,-6.869739532E0,-2.780222321E1,-3.238668823E1
8.904306750E0,-6.742355347E0,-2.787599182E1,-3.215251160E1
8.914255750E0,-6.630367279E0,-2.812690735E1,-3.203570557E1
8.924204750E0,-6.528617859E0,-2.837908936E1,-3.190347290E1
8.934153750E0,-6.434501648E0,-2.871674538E1,-3.153702545E1
8.944101750E0,-6.412597656E0,-2.888304520E1,-3.112378693E1
8.954050750E0,-6.382217407E0,-2.927092171E1,-3.085746002E1
8.963999750E0,-6.404342651E0,-2.938818169E1,-3.064699554E1
8.973948750E0,-6.339797974E0,-2.962141609E1,-3.027458954E1
8.983897750E0,-6.481235504E0,-2.984290123E1,-3.011878204E1
8.993845750E0,-6.374485016E0,-3.002268410E1,-3.013881683E1
9.003794750E0,-6.404323578E0,-3.018496704E1,-3.020179749E1
9.013743750E0,-6.548809052E0,-3.036885834E1,-2.999772644E1
9.023692750E0,-6.490409851E0,-3.063152313E1,-2.974864197E1
9.033641750E0,-6.283206940E0,-3.079024887E1,-2.959330750E1
9.043589750E0,-6.259483337E0,-3.108081436E1,-2.931236267E1
9.053538750E0,-6.227470398E0,-3.124322128E1,-2.910220337E1
9.063487750E0,-6.358669281E0,-3.121570969E1,-2.889877319E1
9.073436750E0,-6.478935242E0,-3.135821915E1,-2.882107544E1
9.083385750E0,-6.255077362E0,-3.156321716E1,-2.871757507E1
9.093333750E0,-6.362731934E0,-3.159101868E1,-2.855957031E1
9.103282750E0,-6.117145538E0,-3.162080765E1,-2.850479126E1
9.113231750E0,-6.145042419E0,-3.175529861E1,-2.851031494E1
9.123180750E0,-5.830066681E0,-3.181347656E1,-2.842411804E1
9.133129750E0,-5.971523285E0,-3.181602097E1,-2.861312866E1
9.143078750E0,-5.876731873E0,-3.192087173E1,-2.873388672E1
9.153026750E0,-5.876731873E0,-3.192087173E1,-2.873388672E1
9.162975750E0,-5.718479156E0,-3.190546799E1,-2.859970093E1
9.172924750E0,-5.429206848E0,-3.201802063E1,-2.859983826E1
9.182873750E0,-5.236942291E0,-3.215651703E1,-2.876661682E1
9.192822750E0,-4.859924316E0,-3.218582916E1,-2.859251404E1
9.202770750E0,-4.642990112E0,-3.223842621E1,-2.850063324E1
9.212719750E0,-4.481445312E0,-3.226011658E1,-2.844043732E1
9.222668750E0,-4.300960541E0,-3.240504456E1,-2.834455109E1
9.232617750E0,-4.339302063E0,-3.249015427E1,-2.842433929E1
9.242566750E0,-4.348564148E0,-3.252095795E1,-2.829631805E1
9.252514750E0,-4.316967010E0,-3.256433868E1,-2.817330170E1
9.262463750E0,-4.400104523E0,-3.250653076E1,-2.817281342E1
9.272412750E0,-4.382625580E0,-3.258146667E1,-2.811969757E1
9.282361750E0,-4.574325562E0,-3.256159592E1,-2.813245392E1
9.292310750E0,-4.275619507E0,-3.261408234E1,-2.810540009E1
9.302258750E0,-4.183162689E0,-3.261436844E1,-2.810109711E1
9.312207750E0,-3.906959534E0,-3.270800018E1,-2.817044830E1
9.322156750E0,-3.817249298E0,-3.262623978E1,-2.803942108E1
9.332105750E0,-3.760650635E0,-3.260267639E1,-2.816567230E1
9.342054750E0,-3.860599518E0,-3.254452133E1,-2.812833405E1
9.352002750E0,-3.637771606E0,-3.256433105E1,-2.832222748E1
9.361951750E0,-3.697658539E0,-3.247278595E1,-2.812291718E1
9.371900750E0,-3.711395264E0,-3.245055008E1,-2.829122162E1
9.381849750E0,-3.690689087E0,-3.247882462E1,-2.851409149E1
9.391798750E0,-3.930244446E0,-3.228419495E1,-2.879199982E1
9.401746750E0,-3.985137939E0,-3.216483307E1,-2.851917267E1
9.411695750E0,-4.165790558E0,-3.206844330E1,-2.856552887E1
9.421644750E0,-4.063507080E0,-3.194819260E1,-2.869821930E1
9.431593750E0,-4.063507080E0,-3.194819260E1,-2.869821930E1
9.441542750E0,-4.279003143E0,-3.187107849E1,-2.860991669E1
9.451490750E0,-4.251270294E0,-3.189914894E1,-2.876482391E1
9.461439750E0,-4.274925232E0,-3.186220741E1,-2.858666229E1
9.471388750E0,-4.123439789E0,-3.187954140E1,-2.863745880E1
9.481337750E0,-4.123596191E0,-3.181472015E1,-2.871311188E1
9.491286750E0,-4.060066223E0,-3.174520683E1,-2.857903290E1
9.501235750E0,-4.226684570E0,-3.176691437E1,-2.866297150E1
9.511183750E0,-4.083496094E0,-3.174625587E1,-2.880228424E1
9.521132750E0,-4.206184387E0,-3.168696404E1,-2.876976776E1
9.531081750E0,-4.236602783E0,-3.169833946E1,-2.894062042E1
9.541030750E0,-4.382202148E0,-3.153161621E1,-2.896453094E1
9.550979750E0,-4.455669403E0,-3.164639854E1,-2.877933502E1
9.560927750E0,-4.417884827E0,-3.162721443E1,-2.893465424E1
9.570876750E0,-4.510723114E0,-3.158720589E1,-2.898438263E1
9.580825750E0,-4.461006165E0,-3.164310455E1,-2.894069672E1
9.590774750E0,-4.432533264E0,-3.155592346E1,-2.894652557E1
9.600723750E0,-4.526157379E0,-3.145933914E1,-2.900032806E1
9.610671750E0,-4.515720367E0,-3.143436050E1,-2.914969635E1
9.620620750E0,-4.598800659E0,-3.129958916E1,-2.904576874E1
9.630569750E0,-4.690921783E0,-3.137493324E1,-2.923709869E1
9.640518750E0,-4.689174652E0,-3.121348953E1,-2.920220184E1
9.650467750E0,-4.824672699E0,-3.114797974E1,-2.939395905E1
9.660415750E0,-4.880996704E0,-3.109953308E1,-2.941953278E1
9.670364750E0,-4.957675934E0,-3.101569748E1,-2.964344025E1
9.680313750E0,-4.836765289E0,-3.102532959E1,-2.976704407E1
9.690262750E0,-4.882202148E0,-3.103376007E1,-2.990867615E1
9.700211750E0,-4.658462524E0,-3.081895447E1,-2.994081116E1
9.710160750E0,-4.654495239E0,-3.080546570E1,-2.998086548E1
9.720108750E0,-4.658893585E0,-3.080592155E1,-2.997823334E1
9.730057750E0,-4.574485779E0,-3.074082184E1,-3.002834320E1
9.740006750E0,-4.471332550E0,-3.067307472E1,-3.022745514E1
9.749955750E0,-4.318122864E0,-3.060402679E1,-3.015973663E1
9.759904750E0,-4.317256927E0,-3.059593773E1,-3.016819763E1
9.769852625E0,-4.118576050E0,-3.059046173E1,-3.006971741E1
9.779801625E0,-4.169509888E0,-3.062617111E1,-3.001249695E1
9.789750625E0,-4.048385620E0,-3.071586800E1,-3.022259521E1
9.799699625E0,-4.025768280E0,-3.073808861E1,-3.014057922E1
9.809648625E0,-4.004821777E0,-3.068929863E1,-3.010389709E1
9.819596625E0,-4.068004608E0,-3.083779907E1,-3.000752258E1
9.829545625E0,-3.826240540E0,-3.100697327E1,-2.994599915E1
9.839494625E0,-3.700328827E0,-3.110532379E1,-2.998133850E1
9.849443625E0,-3.467174530E0,-3.112628174E1,-2.982670593E1
9.859392625E0,-3.440952301E0,-3.134807968E1,-2.956056213E1
9.869340625E0,-3.325462341E0,-3.125548935E1,-2.966453552E1
9.879289625E0,-3.203433990E0,-3.127516937E1,-2.941030884E1
9.889238625E0,-2.915428162E0,-3.145672607E1,-2.942408752E1
9.899187625E0,-2.971469879E0,-3.153040504E1,-2.942468262E1
9.909136625E0,-2.826560974E0,-3.162474060E1,-2.944384766E1
9.919085625E0,-2.635749817E0,-3.152702713E1,-2.915582275E1
9.929033625E0,-2.517211914E0,-3.168955994E1,-2.920177460E1
9.938982625E0,-2.162101746E0,-3.186075592E1,-2.894461823E1
9.948931625E0,-2.102264404E0,-3.206785965E1,-2.912252045E1
9.958880625E0,-1.925346375E0,-3.226849365E1,-2.883698273E1
9.968829625E0,-1.596321106E0,-3.245953369E1,-2.862917328E1
9.978777625E0,-1.448543549E0,-3.254296494E1,-2.842368317E1
9.988726625E0,-1.373016357E0,-3.263093567E1,-2.826872253E1
9.998675625E0,-1.266658783E0,-3.266289902E1,-2.818774414E1
1.000862462E1,-1.266658783E0,-3.266289902E1,-2.818774414E1
1.001857362E1,-1.055980682E0,-3.288360214E1,-2.804879761E1
1.002852163E1,-9.280548096E-1,-3.304668808E1,-2.774780273E1
1.003847063E1,-7.572593689E-1,-3.318778992E1,-2.797515869E1
1.004841963E1,-5.638618469E-1,-3.320114136E1,-2.799842834E1
1.005836863E1,-4.275283813E-1,-3.321255875E1,-2.794338989E1
1.006831763E1,-2.914886475E-1,-3.339019394E1,-2.766835022E1
1.007826663E1,-1.376304626E-1,-3.325150299E1,-2.767504883E1
1.008821462E1,-1.657867432E-2,-3.320693207E1,-2.773190308E1
1.009816362E1,-2.114257812E-1,-3.322563171E1,-2.788009644E1
1.010811262E1,5.887222290E-2,-3.317447662E1,-2.757786560E1
1.011806162E1,-6.207275391E-2,-3.323322678E1,-2.740885925E1
1.012801062E1,1.560897827E-1,-3.331330490E1,-2.731486511E1
1.013795862E1,9.727859497E-2,-3.330049896E1,-2.741625977E1
1.014790762E1,1.008110046E-1,-3.336419296E1,-2.735974121E1
1.015785662E1,1.953659058E-1,-3.352375031E1,-2.710810852E1
1.016780562E1,3.436279297E-1,-3.357505417E1,-2.697880554E1
1.017775463E1,1.833229065E-1,-3.379349136E1,-2.691287231E1
1.018770263E1,4.254226685E-1,-3.355932617E1,-2.668009949E1
1.019765162E1,2.720870972E-1,-3.381645966E1,-2.660548401E1
1.020760062E1,4.425773621E-1,-3.400027466E1,-2.657493591E1
1.021754962E1,3.339920044E-1,-3.407199097E1,-2.643436432E1
1.022749862E1,6.200790405E-1,-3.422012711E1,-2.641519928E1
1.023744762E1,6.241302490E-1,-3.424724579E1,-2.632421112E1
1.024739562E1,9.163551331E-1,-3.430481720E1,-2.600485992E1
1.025734462E1,9.612998962E-1,-3.444343948E1,-2.583390045E1
1.026729362E1,1.188426971E0,-3.469963074E1,-2.579833221E1
1.027724262E1,1.299659729E0,-3.464210892E1,-2.568466949E1
1.028719162E1,1.299659729E0,-3.464210892E1,-2.568466949E1
1.029713963E1,1.338245392E0,-3.469734192E1,-2.570719147E1
1.030708863E1,1.536045074E0,-3.481663513E1,-2.558200836E1
1.031703763E1,1.612525940E0,-3.495629883E1,-2.540392303E1
1.032698663E1,1.658721924E0,-3.501194000E1,-2.548534393E1
1.033693563E1,1.807830811E0,-3.507871246E1,-2.518208313E1
1.034688463E1,1.966346741E0,-3.510577393E1,-2.515459442E1
1.035683262E1,2.029876709E0,-3.509912109E1,-2.479733276E1
1.036678162E1,1.920341492E0,-3.525634766E1,-2.498785400E1
1.037673062E1,2.063091278E0,-3.532397079E1,-2.489096069E1
1.038667962E1,2.142276764E0,-3.529790115E1,-2.461071777E1
1.039662862E1,2.252983093E0,-3.551417542E1,-2.448970795E1
1.040657662E1,2.318744659E0,-3.558842087E1,-2.439680481E1
1.041652562E1,2.310184479E0,-3.559672928E1,-2.437803650E1
1.042647462E1,2.512596130E0,-3.562605286E1,-2.430818939E1
1.043642362E1,2.569103241E0,-3.560176086E1,-2.431761169E1
1.044637262E1,2.752277374E0,-3.572224808E1,-2.425564575E1
1.045632162E1,2.821743011E0,-3.566002274E1,-2.410085297E1
1.046626963E1,3.091251373E0,-3.581290436E1,-2.406803894E1
1.047621863E1,2.995483398E0,-3.586919022E1,-2.370956421E1
1.048616763E1,3.426925659E0,-3.597258377E1,-2.380892181E1
1.049611662E1,3.367115021E0,-3.595569992E1,-2.374015808E1
1.050606562E1,3.644538879E0,-3.602580261E1,-2.361462402E1
1.051601362E1,3.732959747E0,-3.609020233E1,-2.358802032E1
1.052596262E1,3.776794434E0,-3.602895355E1,-2.356001282E1
1.053591162E1,3.708229065E0,-3.605643082E1,-2.375862885E1
1.054586062E1,3.746570587E0,-3.590194321E1,-2.387852478E1
1.055580962E1,3.503433228E0,-3.592681885E1,-2.398136139E1
1.056575862E1,3.495212555E0,-3.597145081E1,-2.382144928E1
1.057570663E1,3.495212555E0,-3.597145081E1,-2.382144928E1
1.058565563E1,3.440200806E0,-3.596688461E1,-2.391007233E1