"Time (s)","X (rad/s)","Y (rad/s)","Z (rad/s)"
2.055708334E-2,-3.617512584E-1,-2.500909269E-1,2.112610787E-1
3.050708334E-2,-3.410542309E-1,-2.197801769E-1,2.041475028E-1
4.045608334E-2,-2.652859688E-1,-2.132698148E-1,1.572769433E-1
5.040608335E-2,-1.857424229E-1,-2.097499073E-1,7.949718833E-2
6.035608333E-2,-1.295784116E-1,-2.060262561E-1,-3.364578821E-3
7.030508333E-2,-1.315984130E-1,-2.240801007E-1,-6.353550404E-2
8.025508333E-2,-2.011045218E-1,-2.687817216E-1,-8.471752703E-2
9.020408333E-2,-3.007392585E-1,-3.778805137E-1,-6.598032266E-2
1.001540833E-1,-3.843414783E-1,-4.917276204E-1,-4.472912848E-2
1.101030833E-1,-4.292378724E-1,-5.573252439E-1,-3.952584416E-2
1.200530833E-1,-4.254170358E-1,-5.743113160E-1,-5.309014767E-2
1.300030833E-1,-3.795635402E-1,-5.607851148E-1,-8.704172075E-2
1.399520833E-1,-3.190037906E-1,-5.293278694E-1,-1.298471391E-1
1.499020833E-1,-2.670287192E-1,-4.835601151E-1,-1.583283246E-1
1.598510833E-1,-2.524810731E-1,-4.464840591E-1,-1.730872393E-1
1.698010833E-1,-2.859972119E-1,-4.252136648E-1,-1.727072150E-1
1.797500833E-1,-3.614477813E-1,-4.383334517E-1,-1.694672108E-1
1.897000833E-1,-4.559103549E-1,-5.145614147E-1,-1.762055457E-1
1.996490833E-1,-5.483189225E-1,-6.502869129E-1,-1.916266084E-1
2.095990833E-1,-5.918447971E-1,-8.113335967E-1,-2.117156237E-1
2.195490833E-1,-5.854994655E-1,-8.905800581E-1,-2.404658943E-1
2.294980833E-1,-5.662996769E-1,-9.322113991E-1,-2.732036114E-1
2.394480833E-1,-5.331978798E-1,-9.616647959E-1,-2.971127033E-1
2.493970833E-1,-5.096254349E-1,-9.749934077E-1,-2.957342565E-1
2.593470833E-1,-5.086272359E-1,-9.469532967E-1,-2.870922089E-1
2.692960833E-1,-5.484185815E-1,-8.965188861E-1,-2.872541249E-1
2.792460833E-1,-6.527781487E-1,-8.462718129E-1,-3.043722212E-1
2.891960833E-1,-7.648599148E-1,-6.331896782E-1,-3.245382309E-1
2.991450833E-1,-8.633481860E-1,-3.437841833E-1,-3.593483865E-1
3.090950833E-1,-9.275964499E-1,-1.868688762E-1,-3.979882002E-1
3.190440833E-1,-9.699034691E-1,-1.962267905E-1,-4.061488211E-1
3.289940833E-1,-9.922341108E-1,-2.171046436E-1,-3.802413046E-1
3.389430833E-1,-9.978501201E-1,-2.132648230E-1,-3.168375194E-1
3.488930833E-1,-9.829838276E-1,-2.502731979E-1,-2.092391551E-1
3.588430833E-1,-9.321595430E-1,-2.797069848E-1,-7.824464887E-2
3.687920833E-1,-8.571705222E-1,-2.466251701E-1,5.986635014E-2
3.787420833E-1,-7.610372305E-1,-1.207281426E-1,2.085669488E-1
3.886910833E-1,-6.692705750E-1,-2.328227274E-2,3.408727944E-1
3.986410833E-1,-5.738260150E-1,4.949073866E-2,4.442496002E-1
4.085900833E-1,-4.799067080E-1,1.715497971E-1,4.966789782E-1
4.185400833E-1,-3.916383684E-1,3.187888265E-1,5.017181039E-1
4.284900833E-1,-3.106332719E-1,4.314647615E-1,4.672969878E-1
4.384390833E-1,-2.480889857E-1,4.569347501E-1,4.065018296E-1
4.483890833E-1,-2.080302536E-1,4.150314927E-1,3.223949373E-1
4.583380833E-1,-1.959582716E-1,3.253259361E-1,2.367041558E-1
4.682880833E-1,-2.022779435E-1,1.713909656E-1,1.393866539E-1
4.782370833E-1,-2.042401731E-1,1.961308345E-2,5.342410877E-2
4.881870833E-1,-2.068503350E-1,-5.304007977E-2,-1.151174773E-2
4.981370833E-1,-1.985399574E-1,-2.716061845E-2,-5.453400686E-2
5.080860833E-1,-1.804767996E-1,6.403134018E-2,-6.451713294E-2
5.180360833E-1,-1.515294313E-1,1.791667044E-1,-5.017779768E-2
5.279850833E-1,-1.221499890E-1,3.030809164E-1,4.454324371E-4
5.379350833E-1,-9.299110621E-2,4.013121724E-1,7.322447002E-2
5.478840833E-1,-7.063866407E-2,4.510331154E-1,1.575302929E-1
5.578340833E-1,-6.415853649E-2,4.491275847E-1,2.300767601E-1
5.677830833E-1,-7.034665346E-2,3.841126561E-1,2.847999334E-1
5.777330833E-1,-8.923255652E-2,2.830178142E-1,3.264538646E-1
5.876830833E-1,-1.017443538E-1,1.660975963E-1,3.558983207E-1
5.976320833E-1,-1.104554236E-1,7.134152204E-2,3.820839226E-1
6.075820833E-1,-9.964059293E-2,-6.361798849E-3,3.980613053E-1
6.175310833E-1,-6.455650926E-2,-8.960394561E-2,4.045952857E-1
6.274810833E-1,2.488571918E-4,-1.433747709E-1,3.997818828E-1
6.374300833E-1,9.387964755E-2,-1.219805628E-1,3.772516251E-1
6.473800833E-1,2.087726742E-1,-4.620990530E-2,3.417700529E-1
6.573300833E-1,3.506188393E-1,9.821877815E-3,2.921589613E-1
6.672790833E-1,5.046632290E-1,4.783956707E-2,2.423442602E-1
6.772290833E-1,6.515277028E-1,7.081314921E-2,2.053299248E-1
6.871780833E-1,7.831666470E-1,2.888247371E-2,1.951356083E-1
6.971284167E-1,8.932264447E-1,-7.222003490E-2,2.010401040E-1
7.070774167E-1,9.857401252E-1,-1.821468025E-1,2.205839753E-1
7.170274167E-1,1.062195182E0,-2.711539268E-1,2.470403314E-1
7.269774167E-1,1.131545067E0,-3.084850311E-1,2.542873323E-1
7.369264167E-1,1.189702392E0,-2.685966790E-1,2.438466400E-1
7.468764167E-1,1.211444736E0,-1.847622395E-1,2.210931182E-1
7.568254167E-1,1.179078460E0,-9.583485126E-2,2.084779292E-1
7.667754167E-1,1.081338882E0,-5.414466187E-2,2.193676084E-1
7.767244167E-1,9.415849447E-1,-4.092375562E-2,2.636370957E-1
7.866744167E-1,7.666317821E-1,-2.489632182E-2,3.269766569E-1
7.966234167E-1,5.900766253E-1,-2.826955169E-4,3.868747056E-1
8.065734167E-1,4.207459092E-1,5.035518110E-2,4.308589399E-1
8.165234167E-1,2.716640234E-1,1.060538962E-1,4.445287883E-1
8.264724167E-1,1.361464262E-1,1.521185935E-1,4.238791764E-1
8.364224167E-1,1.183222421E-2,1.592996418E-1,3.583667874E-1
8.463714167E-1,-1.068158671E-1,8.986730129E-2,2.639558911E-1
8.563214167E-1,-2.138027996E-1,-3.982421383E-2,1.542556882E-1
8.662704167E-1,-3.013089299E-1,-1.537137628E-1,5.040039867E-2
8.762204167E-1,-3.692122102E-1,-2.141006291E-1,-3.943171352E-2
8.861704167E-1,-4.137730300E-1,-2.586784661E-1,-1.066941097E-1
8.961194167E-1,-4.331661165E-1,-2.905802131E-1,-1.544484943E-1
9.060694167E-1,-4.285745621E-1,-2.932891846E-1,-1.800640970E-1
9.160184167E-1,-4.020298719E-1,-2.488103807E-1,-1.873607188E-1
9.259684167E-1,-3.749798834E-1,-1.830795705E-1,-1.755762249E-1
9.359174167E-1,-3.505566716E-1,-9.984131157E-2,-1.396409869E-1
9.458674167E-1,-3.382222652E-1,-3.068940714E-2,-8.742544800E-2
9.558164167E-1,-3.275132477E-1,2.015235834E-2,-2.906828932E-2
9.657664167E-1,-3.193290830E-1,5.778362229E-2,2.114641108E-2
9.757164167E-1,-3.153120577E-1,9.178068489E-2,5.378510430E-2
9.856654167E-1,-3.037957251E-1,1.091383696E-1,7.126582414E-2
9.956154167E-1,-2.970976532E-1,8.292770386E-2,8.033302426E-2
1.005564417E0,-2.737044394E-1,1.768825203E-2,7.609859854E-2
1.015514417E0,-2.528323233E-1,-5.764102191E-2,7.198790461E-2
1.025463417E0,-2.259195000E-1,-1.227526367E-1,6.884723902E-2
1.035413417E0,-2.055273056E-1,-1.808788478E-1,7.612376660E-2
1.045363417E0,-1.853972822E-1,-2.369197458E-1,8.747389168E-2
1.055312417E0,-1.567731053E-1,-2.658188939E-1,8.999278396E-2
1.065262417E0,-1.248575151E-1,-2.529006898E-1,8.377590030E-2
1.075211417E0,-1.017596871E-1,-2.252401561E-1,5.779563636E-2
1.085161417E0,-7.589747012E-2,-2.043380737E-1,7.074400317E-3
1.095110417E0,-6.195563078E-2,-2.030430585E-1,-6.926836073E-2
1.105060417E0,-6.866440177E-2,-2.382753491E-1,-1.558717042E-1
1.115009417E0,-7.379679382E-2,-3.089002669E-1,-2.436934412E-1
1.124959417E0,-9.490074217E-2,-3.292071223E-1,-3.180454373E-1
1.134909417E0,-1.236623153E-1,-2.770173848E-1,-3.660036922E-1
1.144858417E0,-1.552852243E-1,-1.866483390E-1,-3.853749931E-1
1.154808417E0,-1.887811571E-1,-1.008719429E-1,-3.685638905E-1
1.164757417E0,-2.145379186E-1,-4.098809883E-2,-3.200248778E-1
1.174707417E0,-2.453501374E-1,-9.718518704E-3,-2.445900589E-1
1.184656417E0,-2.719061077E-1,-2.230568416E-2,-1.617417783E-1
1.194606417E0,-2.927510142E-1,-7.383739948E-2,-8.277910948E-2
1.204555417E0,-2.982088923E-1,-1.451478004E-1,-2.769055590E-2
1.214505417E0,-3.078914285E-1,-2.157200426E-1,-6.596241146E-3
1.224455417E0,-3.057161868E-1,-2.679704726E-1,-2.049234882E-2
1.234404417E0,-2.975410223E-1,-3.090789914E-1,-6.011464819E-2
1.244354417E0,-2.837162912E-1,-3.411892354E-1,-1.203992963E-1
1.254303417E0,-2.595237195E-1,-3.629654050E-1,-1.784029752E-1
1.264253417E0,-2.174601555E-1,-3.548507690E-1,-2.320899069E-1
1.274202417E0,-1.633372903E-1,-3.243459165E-1,-2.712089121E-1
1.284152417E0,-1.039125696E-1,-2.840045989E-1,-2.895330787E-1
1.294102417E0,-4.049935192E-2,-2.532197535E-1,-2.922078967E-1
1.304051417E0,2.863684110E-2,-2.279197276E-1,-2.834375799E-1
1.314001417E0,8.742564172E-2,-2.023068368E-1,-2.812598050E-1
1.323950417E0,1.308207959E-1,-1.885785013E-1,-2.865669429E-1
1.333900417E0,1.662324369E-1,-1.724304408E-1,-2.987598777E-1
1.343849417E0,1.873379797E-1,-1.357866824E-1,-3.224926293E-1
1.353799417E0,1.866474003E-1,-9.928548336E-2,-3.449822962E-1
1.363748417E0,1.720823050E-1,-9.487210214E-2,-3.592192829E-1
1.373698417E0,1.461339891E-1,-9.888468683E-2,-3.640727401E-1
1.383648417E0,1.095048711E-1,-8.293022215E-2,-3.554062843E-1
1.393597417E0,7.179057598E-2,-3.911170363E-2,-3.231427372E-1
1.403547417E0,4.579546303E-2,3.507863730E-2,-2.747709453E-1
1.413496417E0,2.164808288E-2,1.342017204E-1,-2.223685980E-1
1.423446417E0,-8.429391310E-3,2.191254050E-1,-1.826914847E-1
1.433395417E0,-4.667822272E-2,2.547371984E-1,-1.716517657E-1
1.443345417E0,-1.030861065E-1,2.316923440E-1,-2.036483139E-1
1.453294417E0,-1.728849262E-1,1.475586444E-1,-2.631044686E-1
1.463244417E0,-2.417707890E-1,4.671592638E-2,-3.349722624E-1
1.473194417E0,-2.977750897E-1,-6.600909401E-3,-4.092311859E-1
1.483143417E0,-3.472603559E-1,-5.017926451E-3,-4.704724550E-1
1.493093417E0,-3.839196861E-1,1.900600269E-2,-5.035573244E-1
1.503042417E0,-4.118826091E-1,4.257657751E-2,-5.040752888E-1
1.512992417E0,-4.371278584E-1,4.800029099E-2,-4.775286615E-1
1.522941417E0,-4.705241621E-1,3.333612531E-2,-4.235937893E-1
1.532891417E0,-4.973089397E-1,-3.534936905E-2,-3.534418941E-1
1.542841417E0,-5.157854557E-1,-1.578912735E-1,-2.781356871E-1
1.552790417E0,-5.237960219E-1,-2.728663385E-1,-2.094480842E-1
1.562740417E0,-5.340403914E-1,-3.772428036E-1,-1.688117087E-1
1.572689417E0,-5.739854574E-1,-5.215859413E-1,-1.627620310E-1
1.582639417E0,-6.199249625E-1,-7.135596871E-1,-1.763388216E-1
1.592588417E0,-6.644569635E-1,-9.040513039E-1,-2.017073184E-1
1.602538417E0,-6.708759665E-1,-1.024400353E0,-2.153213918E-1
1.612487417E0,-6.409144402E-1,-1.056328416E0,-2.108437419E-1
1.622437417E0,-5.709132552E-1,-1.022016287E0,-1.700230688E-1
1.632387417E0,-4.607187808E-1,-5.951585174E-1,5.902798381E-3
1.642336417E0,-3.184348643E-1,-2.601118386E-1,2.691623867E-1
1.652286417E0,-2.044796944E-1,-2.193190306E-1,5.029806495E-1
1.662235417E0,-9.157285094E-2,-2.040346116E-1,7.446153760E-1
1.672185417E0,2.749754116E-2,-8.260565996E-2,9.799742699E-1
1.682134417E0,1.466052830E-1,1.114197373E-1,1.168376207E0
1.692084417E0,2.803662121E-1,3.367295563E-1,1.307268500E0
1.702033333E0,4.124755263E-1,5.260467529E-1,1.408453941E0
1.711983333E0,5.055806041E-1,6.778014302E-1,1.466451049E0
1.721933333E0,5.469661355E-1,7.506735325E-1,1.479617238E0
1.731882333E0,5.585014820E-1,7.099447846E-1,1.441766739E0
1.741832333E0,5.441529155E-1,5.755920410E-1,1.364684939E0
1.751781333E0,5.051390529E-1,3.788461089E-1,1.243020654E0
1.761731333E0,4.433957338E-1,1.477604359E-1,1.093830705E0
1.771680333E0,3.625088036E-1,-6.760487705E-2,9.458365440E-1
1.781630333E0,2.810744047E-1,-1.865983754E-1,8.251175880E-1
1.791579333E0,2.238775939E-1,-1.900710464E-1,7.379900217E-1
1.801529333E0,1.917327046E-1,-7.357665896E-2,6.768976450E-1
1.811479333E0,1.770098805E-1,1.076466441E-1,6.307691932E-1
1.821428333E0,1.747525930E-1,3.035397232E-1,5.898199081E-1
1.831378333E0,1.768972278E-1,4.840545654E-1,5.344557166E-1
1.841327333E0,1.704909801E-1,6.352981329E-1,4.848988652E-1
1.851277333E0,1.656730175E-1,7.864214182E-1,4.551963210E-1
1.861226333E0,1.586699635E-1,9.241142869E-1,4.547433257E-1
1.871176333E0,1.506964266E-1,1.014639616E0,4.766757190E-1
1.881125333E0,1.467379034E-1,1.044190288E0,5.194450021E-1
1.891075333E0,1.518888474E-1,1.010756969E0,5.756564736E-1
1.901025333E0,1.805481911E-1,9.405639172E-1,6.364976764E-1
1.910974333E0,2.344273627E-1,8.454135656E-1,6.869709492E-1
1.920924333E0,3.060136437E-1,7.774971128E-1,7.146771550E-1
1.930873333E0,3.733721972E-1,7.006532550E-1,6.967881322E-1
1.940823333E0,4.038025439E-1,5.921701789E-1,6.367775202E-1
1.950772333E0,3.883627057E-1,4.579814672E-1,5.560569167E-1
1.960722333E0,3.248583078E-1,3.166216910E-1,4.733657837E-1
1.970671333E0,2.358124852E-1,1.760616601E-1,3.967819810E-1
1.980621333E0,1.306429207E-1,4.706905782E-2,3.304490447E-1
1.990571333E0,3.245811164E-2,-6.361769885E-2,2.707447410E-1
2.000520333E0,-4.520259425E-2,-1.329062283E-1,2.202232480E-1
2.010470333E0,-8.606856316E-2,-1.466205865E-1,1.703402102E-1
2.020419333E0,-9.200234711E-2,-1.107720435E-1,1.205297783E-1
2.030369333E0,-7.345777750E-2,-5.321109295E-2,7.952024788E-2
2.040318333E0,-5.089734495E-2,-1.699929312E-2,1.877646893E-2
2.050268333E0,-5.068081245E-2,-1.879312098E-2,-5.443494394E-2
2.060218333E0,-9.710663557E-2,-5.649282783E-2,-1.401266903E-1
2.070167333E0,-1.801043302E-1,-1.098762378E-1,-2.259190381E-1
2.080117333E0,-2.606383264E-1,-1.663064957E-1,-3.182803988E-1
2.090066333E0,-3.217873275E-1,-2.043679655E-1,-4.182905853E-1
2.100016333E0,-3.380121291E-1,-2.020659298E-1,-5.319079757E-1
2.109965333E0,-3.281404078E-1,-1.776157916E-1,-6.522360444E-1
2.119915333E0,-3.060582578E-1,-1.603023112E-1,-7.515096664E-1
2.129864333E0,-2.811293304E-1,-1.304389685E-1,-8.054851890E-1
2.139814333E0,-2.537358105E-1,-8.608055860E-2,-8.025173545E-1
2.149763333E0,-2.307697982E-1,-6.184275076E-2,-7.593364716E-1
2.159713333E0,-2.095281482E-1,-5.605437234E-2,-6.922383904E-1
2.169663333E0,-1.737097055E-1,-5.327722803E-2,-6.270585656E-1
2.179612333E0,-1.233898103E-1,-6.549154222E-2,-5.730637908E-1
2.189562333E0,-5.732291937E-2,-1.201404333E-1,-5.425776839E-1
2.199511333E0,1.284338441E-2,-1.916684210E-1,-5.376649499E-1
2.209461333E0,8.645776659E-2,-2.479244620E-1,-5.557742119E-1
2.219410333E0,1.566360593E-1,-2.778967619E-1,-5.865643620E-1
2.229360333E0,2.126356959E-1,-3.015041947E-1,-6.266221404E-1
2.239309333E0,2.473401576E-1,-3.111530840E-1,-6.759548187E-1
2.249259333E0,2.311597615E-1,-2.973258197E-1,-7.340536714E-1
2.259209333E0,1.907414943E-1,-2.683836520E-1,-7.840478420E-1
2.269158333E0,1.554495096E-1,-1.926818341E-1,-8.170765638E-1
2.279108333E0,1.425486356E-1,-7.671313733E-2,-8.186255097E-1
2.289057333E0,1.739805192E-1,5.266002193E-2,-7.879585028E-1
2.299007333E0,2.455234230E-1,1.589987129E-1,-7.241951823E-1
2.308956333E0,3.560822308E-1,2.443216145E-1,-6.279688478E-1
2.318906333E0,5.084251761E-1,3.076995313E-1,-5.167453885E-1
2.328855333E0,6.810556054E-1,3.421484828E-1,-4.046619833E-1
2.338805333E0,8.445779681E-1,3.375063241E-1,-3.027004600E-1
2.348755333E0,9.843206406E-1,2.975955606E-1,-2.188196182E-1
2.358704333E0,1.077229619E0,2.277776152E-1,-1.373492628E-1
2.368654333E0,1.118301630E0,1.241613626E-1,-5.939314514E-2
2.378603333E0,1.095758438E0,-6.586268079E-3,7.296671160E-3
2.388553333E0,9.954518676E-1,-1.621431857E-1,4.769686982E-2
2.398502333E0,8.450554609E-1,-3.261177242E-1,5.119040608E-2
2.408452333E0,6.530692577E-1,-4.524034858E-1,1.118369866E-2
2.418401333E0,4.501851499E-1,-5.147931576E-1,-7.809398323E-2
2.428351333E0,2.457422018E-1,-5.129780769E-1,-2.022330016E-1
2.438301333E0,5.568278208E-2,-4.516031146E-1,-3.471547663E-1
2.448250333E0,-9.966572374E-2,-3.189246356E-1,-4.899988174E-1
2.458200333E0,-2.167995423E-1,-1.121040955E-1,-6.120972633E-1
2.468149333E0,-3.053440452E-1,1.035013795E-1,-6.864624023E-1
2.478099333E0,-3.722221553E-1,2.685835361E-1,-7.108367085E-1
2.488048333E0,-4.187277257E-1,3.626368046E-1,-6.827195883E-1
2.497998333E0,-4.467263520E-1,3.844097555E-1,-6.059044003E-1
2.507947333E0,-4.437798262E-1,3.405483365E-1,-4.946343601E-1
2.517897333E0,-4.056153893E-1,2.373987883E-1,-3.703382611E-1
2.527847333E0,-3.421203196E-1,1.201208308E-1,-2.483712882E-1
2.537796333E0,-2.432898730E-1,1.732121222E-2,-1.401289701E-1
2.547746333E0,-1.280517727E-1,-6.976016611E-2,-5.259310082E-2
2.557695333E0,-1.745974272E-2,-1.107001379E-1,2.400287427E-2
2.567645333E0,7.307226956E-2,-1.129873395E-1,9.069193900E-2
2.577594333E0,1.295395494E-1,-9.084182978E-2,1.454348117E-1
2.587544333E0,1.511822343E-1,-6.274823099E-2,1.953647584E-1
2.597493333E0,1.469698995E-1,-2.914313972E-2,2.359012514E-1
2.607443333E0,1.178801209E-1,-1.727658510E-2,2.746129930E-1
2.617393333E0,8.216526359E-2,-1.740521565E-2,3.122365177E-1
2.627342333E0,6.900826842E-2,-5.910501350E-3,3.429431617E-1
2.637292333E0,8.968105912E-2,6.175376102E-2,3.667054772E-1
2.647241333E0,1.539912373E-1,1.623398513E-1,3.872295320E-1
2.657191333E0,2.331750095E-1,2.821120322E-1,4.050226510E-1
2.667140333E0,2.912711203E-1,4.104471803E-1,4.063698649E-1
2.677090333E0,2.972246110E-1,5.103202462E-1,3.617904186E-1
2.687039333E0,2.326472104E-1,5.956302285E-1,2.690463960E-1
2.696989333E0,1.266965419E-1,6.604918242E-1,1.336677969E-1
2.706938917E0,9.679925628E-3,6.614492536E-1,-1.705526933E-2
2.716887917E0,-7.991839945E-2,5.837363601E-1,-1.518370509E-1
2.726837917E0,-1.394602209E-1,4.596722424E-1,-2.323793769E-1
2.736786917E0,-2.087703198E-1,3.036842346E-1,-2.717653811E-1
2.746736917E0,-2.859578133E-1,1.432294250E-1,-2.674281895E-1
2.756685917E0,-3.588261604E-1,2.465884015E-2,-2.354715914E-1
2.766635917E0,-3.920863569E-1,1.979946718E-2,-1.546411365E-1
2.776584917E0,-3.671285510E-1,1.159470379E-1,-4.190658405E-2
2.786534917E0,-2.862076461E-1,2.671799660E-1,1.077153012E-1
2.796484917E0,-1.528783739E-1,4.434892237E-1,2.716123462E-1
2.806433917E0,4.098474979E-3,6.057983041E-1,4.186901748E-1
2.816383917E0,1.576283723E-1,7.100365758E-1,5.348745584E-1
2.826332917E0,2.871320546E-1,7.135697007E-1,6.070145369E-1
2.836282917E0,4.062603116E-1,6.502135992E-1,6.341273785E-1
2.846231917E0,5.074031949E-1,5.446965098E-1,6.261678934E-1
2.856181917E0,5.911913514E-1,3.844088614E-1,5.797758698E-1
2.866130917E0,6.714623570E-1,1.923302263E-1,5.096200705E-1
2.876080917E0,7.402939200E-1,-1.009372063E-2,4.348449409E-1
2.886030917E0,7.927149534E-1,-1.868027747E-1,3.691452742E-1
2.895979917E0,8.123573661E-1,-3.444414139E-1,3.188672066E-1
2.905929917E0,7.861061692E-1,-4.903974235E-1,2.772462368E-1
2.915878917E0,7.073703408E-1,-6.122367382E-1,2.448757738E-1
2.925828917E0,5.952214599E-1,-6.668145061E-1,2.161254734E-1
2.935777917E0,4.584912956E-1,-6.588423252E-1,1.776723564E-1
2.945727917E0,3.178736866E-1,-6.073952913E-1,1.172149926E-1
2.955676917E0,1.731521636E-1,-5.292320251E-1,5.198112130E-2
2.965626917E0,4.898117855E-2,-4.272712469E-1,-1.191772334E-2
2.975575917E0,-5.090413988E-2,-3.186531365E-1,-6.151030958E-2
2.985525917E0,-1.062213853E-1,-2.196717113E-1,-8.714100718E-2
2.995475917E0,-1.179845706E-1,-1.311311871E-1,-9.501810372E-2
3.005424917E0,-9.803435951E-2,-4.907839000E-2,-7.921327651E-2
3.015374917E0,-5.642991886E-2,1.787241362E-2,-4.268908873E-2
3.025323917E0,-1.634805650E-2,6.134786829E-2,2.271421812E-2
3.035273917E0,5.549519323E-3,7.050088048E-2,1.037363634E-1
3.045222917E0,-8.051890763E-4,5.367577076E-2,1.801757216E-1
3.055172917E0,-3.154126555E-2,2.539086714E-2,2.271464318E-1
3.065122917E0,-7.437239587E-2,8.505985141E-3,2.288186103E-1
3.075071917E0,-1.212285832E-1,-1.412981842E-2,1.865451783E-1
3.085021917E0,-1.664082557E-1,-2.660701051E-2,1.190923452E-1
3.094970917E0,-1.885289997E-1,-2.559820563E-2,4.451052099E-2
3.104920917E0,-1.925539523E-1,-2.474324219E-2,-1.619928516E-2
3.114869917E0,-1.798986197E-1,-3.355643898E-2,-4.132568091E-2
3.124819917E0,-1.611794084E-1,-4.457722232E-2,-2.519638836E-2
3.134768917E0,-1.352021247E-1,-5.625172332E-2,2.558024041E-2
3.144718917E0,-1.266419291E-1,-9.008558095E-2,1.018297300E-1
3.154667917E0,-1.182575002E-1,-1.412680894E-1,1.909577549E-1
3.164617917E0,-1.172075197E-1,-1.952095032E-1,2.805406451E-1
3.174567917E0,-1.196925119E-1,-2.670006156E-1,3.496075869E-1
3.184516917E0,-1.138540506E-1,-3.246158659E-1,3.834829330E-1
3.194466917E0,-9.093568474E-2,-3.496738374E-1,3.786026835E-1
3.204415917E0,-5.091207102E-2,-3.417732120E-1,3.362558484E-1
3.214365917E0,-3.119252156E-3,-3.091348410E-1,2.654988766E-1
3.224314917E0,4.553672671E-2,-2.810330093E-1,1.730455160E-1
3.234264917E0,7.819028199E-2,-2.811376750E-1,7.448378950E-2
3.244213917E0,6.240198016E-2,-3.367275000E-1,-2.526245825E-2
3.254163917E0,-1.007301733E-2,-4.219049811E-1,-1.190118566E-1
3.264113917E0,-1.339203119E-1,-5.186685324E-1,-2.162736058E-1
3.274062917E0,-3.078833222E-1,-6.283391118E-1,-3.304606378E-1
3.284012917E0,-4.967337549E-1,-7.161470652E-1,-4.632349312E-1
3.293961917E0,-6.663023233E-1,-7.458794117E-1,-6.137030125E-1
3.303911917E0,-7.818515301E-1,-7.257355452E-1,-7.578005195E-1
3.313860917E0,-8.197464347E-1,-6.603400111E-1,-8.776670098E-1
3.323810917E0,-7.890409827E-1,-5.489045978E-1,-9.505058527E-1
3.333759917E0,-7.026448250E-1,-4.257474542E-1,-9.692001939E-1
3.343709917E0,-5.886197090E-1,-3.253473639E-1,-9.307835698E-1
3.353659917E0,-4.684077799E-1,-2.601454556E-1,-8.546813130E-1
3.363608917E0,-3.719414473E-1,-2.529709041E-1,-7.777277231E-1
3.373558917E0,-3.187061846E-1,-2.992771566E-1,-7.247182727E-1
3.383507917E0,-2.880635858E-1,-3.428001106E-1,-7.028423548E-1
3.393457917E0,-2.400310636E-1,-3.171122968E-1,-6.920395494E-1
3.403406917E0,-1.604537070E-1,-2.160457224E-1,-6.805451512E-1
3.413356917E0,-6.990463287E-2,-9.604794532E-2,-6.670058966E-1
3.423305917E0,1.261440944E-2,-7.203034125E-3,-6.621648669E-1
3.433255917E0,5.862131715E-2,3.337688372E-2,-6.614838839E-1
3.443204917E0,5.927091464E-2,2.353616245E-2,-6.566210985E-1
3.453154917E0,4.511009157E-2,-1.959106699E-2,-6.350271702E-1
3.463104917E0,4.448749870E-2,-3.899008036E-2,-5.936248302E-1
3.473053917E0,8.456807584E-2,-1.835164614E-2,-5.400396585E-1
3.483003917E0,1.688838154E-1,5.958390236E-2,-4.788755774E-1
3.492952917E0,2.952976823E-1,1.664344668E-1,-4.175762534E-1
3.502902917E0,4.504814744E-1,2.510304749E-1,-3.498618901E-1
3.512851917E0,6.018670201E-1,2.820962369E-1,-2.767767608E-1
3.522801917E0,7.320039272E-1,2.599112093E-1,-2.024206966E-1
3.532750917E0,8.360224366E-1,1.879701465E-1,-1.284095794E-1
3.542700917E0,9.036530256E-1,8.519089967E-2,-6.780324131E-2
3.552650917E0,9.224546552E-1,-3.900615498E-2,-2.908353880E-2
3.562599917E0,8.880724907E-1,-1.672029942E-1,-1.286662556E-2
3.572549917E0,7.929403782E-1,-2.655063868E-1,-2.765009739E-2
3.582498917E0,6.587539911E-1,-3.279767931E-1,-6.899211556E-2
3.592448917E0,4.909013510E-1,-3.362003565E-1,-1.316347271E-1
3.602397917E0,2.938318849E-1,-2.856888175E-1,-2.079327404E-1
3.612347917E0,1.044790000E-1,-1.826937050E-1,-2.861199677E-1
3.622296917E0,-7.014361769E-2,-5.194882303E-2,-3.571689427E-1
3.632246917E0,-2.049656212E-1,7.625468820E-2,-4.223745763E-1
3.642196917E0,-2.941488326E-1,2.007055134E-1,-4.820719659E-1
3.652145917E0,-3.412351310E-1,3.000973463E-1,-5.231677294E-1
3.662095917E0,-3.401319385E-1,3.448468745E-1,-5.456894040E-1
3.672044917E0,-3.041744530E-1,3.275150359E-1,-5.411244631E-1
3.681994917E0,-2.448749095E-1,2.748574018E-1,-5.076818466E-1
3.691943917E0,-1.735573262E-1,2.067305595E-1,-4.431691766E-1
3.701894708E0,-1.076517031E-1,1.309441030E-1,-3.646292388E-1
3.711843708E0,-6.548666954E-2,5.387860537E-2,-2.878932059E-1
3.721793708E0,-4.126069695E-2,-6.685669068E-3,-2.222257704E-1
3.731742708E0,-3.615728021E-2,-4.036027566E-2,-1.785909384E-1
3.741692708E0,-4.356624931E-2,-5.504700541E-2,-1.435590535E-1
3.751642708E0,-3.933395445E-2,-6.217362732E-2,-1.050817072E-1
3.761591708E0,-2.165032551E-2,-8.262206614E-2,-7.014439255E-2
3.771541708E0,1.504803449E-2,-9.239373356E-2,-2.668959647E-2
3.781490708E0,5.376886949E-2,-8.238743246E-2,2.259549499E-2
3.791440708E0,8.760192990E-2,-7.083970308E-2,7.991577685E-2
3.801389708E0,1.092669815E-1,-4.806230962E-2,1.380703598E-1
3.811339708E0,1.217958257E-1,2.128687687E-3,1.875154078E-1
3.821288708E0,1.214879230E-1,5.736886710E-2,2.188983262E-1
3.831238708E0,1.136374548E-1,1.034926847E-1,2.364397645E-1
3.841188708E0,1.034097373E-1,1.449864209E-1,2.345184535E-1
3.851137708E0,7.781063765E-2,1.641004682E-1,2.137825489E-1
3.861087708E0,2.787097357E-2,1.555474401E-1,1.737039983E-1
3.871036708E0,-5.361856148E-2,1.132383347E-1,1.325544268E-1
3.880986708E0,-1.556639671E-1,2.458357066E-2,1.029691100E-1
3.890935708E0,-2.733527720E-1,-7.126173377E-2,8.316025138E-2
3.900885708E0,-3.920518160E-1,-1.630162299E-1,6.557828188E-2
3.910834708E0,-4.760045111E-1,-1.996975392E-1,4.427459091E-2
3.920784708E0,-4.796333015E-1,-1.413869411E-1,3.652055562E-2
3.930734708E0,-4.011267722E-1,-5.884231534E-3,7.050381601E-2
3.940683708E0,-2.680844367E-1,1.560907364E-1,1.553911418E-1
3.950633708E0,-1.283273548E-1,2.958414257E-1,2.754504085E-1
3.960582708E0,-2.918855846E-2,4.046167433E-1,3.964940310E-1
3.970532708E0,2.088952251E-2,4.715883136E-1,4.842539728E-1
3.980481708E0,3.451278433E-2,4.969908893E-1,5.265098810E-1
3.990431708E0,3.164109588E-2,5.144739747E-1,5.151408315E-1
4.000380708E0,4.424467310E-2,5.472416282E-1,4.561182559E-1
4.010330708E0,1.157409549E-1,5.776935220E-1,3.518691063E-1
4.020279708E0,2.283395231E-1,5.181375146E-1,2.431020737E-1
4.030229708E0,3.430546522E-1,3.661296070E-1,1.557296216E-1
4.040179708E0,4.629010260E-1,1.603479683E-1,1.221193895E-1
4.050128708E0,5.730112791E-1,-5.434169620E-2,1.189813912E-1
4.060078708E0,6.665493250E-1,-2.217434794E-1,1.463254988E-1
4.070027708E0,7.196399570E-1,-3.245686591E-1,1.753741950E-1
4.079977708E0,7.220060825E-1,-3.708801270E-1,1.989206672E-1
4.089926708E0,6.713607311E-1,-3.737254441E-1,2.037889212E-1
4.099876708E0,5.695512891E-1,-3.429317772E-1,1.858070791E-1
4.109825708E0,4.279891253E-1,-2.851385176E-1,1.529423296E-1
4.119775708E0,2.670035660E-1,-2.082956433E-1,9.925560653E-2
4.129724708E0,1.135998890E-1,-9.485431015E-2,2.803815342E-2
4.139674708E0,-7.203223184E-3,5.531714484E-2,-4.859209061E-2
4.149624708E0,-7.697910815E-2,2.189324498E-1,-1.104091182E-1
4.159573708E0,-9.403171390E-2,3.634662330E-1,-1.408910751E-1
4.169523708E0,-6.961745024E-2,4.706193209E-1,-1.321471184E-1
4.179472708E0,-2.433404885E-2,5.223901868E-1,-9.562966228E-2
4.189422708E0,2.541406639E-2,5.354135633E-1,-4.709754884E-2
4.199371708E0,6.364139915E-2,5.031601787E-1,1.532549877E-2
4.209321708E0,1.093508303E-1,4.199390709E-1,7.794946432E-2
4.219270708E0,1.632214785E-1,3.031219840E-1,1.339439899E-1
4.229220708E0,2.226397991E-1,1.892830431E-1,1.692798883E-1
4.239170708E0,2.776464820E-1,8.895023167E-2,1.885861605E-1
4.249119708E0,3.232797682E-1,1.873812452E-2,2.039041370E-1
4.259069708E0,3.479569852E-1,-4.463189840E-2,2.272866815E-1
4.269018708E0,3.533695936E-1,-1.070787609E-1,2.577401996E-1
4.278968708E0,3.341585100E-1,-1.698729992E-1,2.734385729E-1
4.288917708E0,3.017795384E-1,-2.387058586E-1,2.692683339E-1
4.298867708E0,2.648748159E-1,-3.177011907E-1,2.382875234E-1
4.308816708E0,2.243441790E-1,-4.106854498E-1,1.791919768E-1
4.318766708E0,1.883836985E-1,-4.853632748E-1,9.580560029E-2
4.328716708E0,1.669729501E-1,-5.026381612E-1,4.046655726E-3
4.338665708E0,1.530348510E-1,-4.884482026E-1,-8.556920290E-2
4.348615708E0,1.367030144E-1,-4.647189081E-1,-1.655705571E-1
4.358564708E0,1.222484782E-1,-4.461080432E-1,-2.381629944E-1
4.368514708E0,1.014712974E-1,-4.303173721E-1,-3.173635304E-1
4.378463708E0,5.984110013E-2,-4.033376575E-1,-4.026564956E-1
4.388413708E0,6.297178566E-3,-3.703187108E-1,-4.736302495E-1
4.398362708E0,-4.868215322E-2,-3.533787131E-1,-5.314987302E-1
4.408312708E0,-9.181444347E-2,-3.523792326E-1,-5.693635941E-1
4.418261708E0,-1.300465912E-1,-3.886797428E-1,-6.080932021E-1
4.428211708E0,-1.750849038E-1,-4.640211165E-1,-6.536676288E-1
4.438161708E0,-2.492202222E-1,-5.427302718E-1,-7.186100483E-1
4.448110708E0,-3.566015661E-1,-5.879273415E-1,-8.102608919E-1
4.458060708E0,-4.926296473E-1,-6.167217493E-1,-9.297200441E-1
4.468009708E0,-6.418279409E-1,-5.910686255E-1,-1.073033214E0
4.477959708E0,-7.773830295E-1,-5.159114003E-1,-1.213530898E0
4.487908708E0,-8.723987937E-1,-4.192530811E-1,-1.324907780E0
4.497858708E0,-9.024008512E-1,-3.022420406E-1,-1.394843340E0
4.507807708E0,-8.489831686E-1,-1.936652213E-1,-1.400155306E0
4.517757708E0,-7.202151418E-1,-9.923104197E-2,-1.349355578E0
4.527707708E0,-5.607338548E-1,-5.486357957E-2,-1.258259535E0
4.537656708E0,-3.885437846E-1,-5.781054124E-2,-1.147010207E0
4.547606708E0,-2.355744839E-1,-1.150501296E-1,-1.054463267E0
4.557555708E0,-1.061859131E-1,-2.089938372E-1,-1.014783502E0
4.567505708E0,-6.376229227E-3,-3.196982443E-1,-1.036212325E0
4.577454708E0,5.740209296E-2,-4.455146790E-1,-1.113874674E0
4.587404708E0,7.043400407E-2,-5.596375465E-1,-1.228965998E0
4.597353708E0,2.660951763E-2,-6.619710326E-1,-1.366336226E0
4.607303708E0,-6.922166795E-2,-7.204846740E-1,-1.498066306E0
4.617252708E0,-1.752908528E-1,-7.040630579E-1,-1.595600486E0
4.627202708E0,-2.428760231E-1,-6.021313667E-1,-1.656598926E0
4.637152708E0,-2.617224157E-1,-4.537819326E-1,-1.689513445E0
4.647101708E0,-2.461077869E-1,-3.209056556E-1,-1.708461761E0
4.657051708E0,-2.176873386E-1,-2.490522414E-1,-1.719337463E0
4.667000708E0,-1.869981289E-1,-2.607073188E-1,-1.713998914E0
4.676950708E0,-1.544813812E-1,-2.972075045E-1,-1.678691030E0
4.686899708E0,-9.169470519E-2,-3.021207750E-1,-1.603801847E0
4.696849708E0,1.472905511E-3,-2.954256535E-1,-1.482985020E0
4.706798458E0,1.231332943E-1,-2.978579104E-1,-1.316576123E0
4.716748458E0,2.511836886E-1,-3.126074970E-1,-1.119296908E0
4.726697458E0,3.717580438E-1,-3.373554647E-1,-9.164859653E-1
4.736647458E0,4.635428488E-1,-3.691850901E-1,-7.450126410E-1
4.746597458E0,5.231428146E-1,-4.215511084E-1,-6.243911386E-1
4.756546458E0,5.454524159E-1,-4.947502017E-1,-5.672055483E-1
4.766496458E0,5.403836370E-1,-5.491010547E-1,-5.827874541E-1
4.776445458E0,5.103311539E-1,-5.878656507E-1,-6.627557874E-1
4.786395458E0,4.554164410E-1,-6.060315967E-1,-7.895950079E-1
4.796344458E0,3.819222450E-1,-6.044378281E-1,-9.474651814E-1
4.806294458E0,2.950682938E-1,-5.770658851E-1,-1.111164927E0
4.816243458E0,2.014141232E-1,-5.302605629E-1,-1.266646981E0
4.826193458E0,1.179533154E-1,-4.890188277E-1,-1.399635673E0
4.836143458E0,4.813172668E-2,-4.479689896E-1,-1.501654625E0
4.846092458E0,3.108059755E-3,-4.087246358E-1,-1.567886114E0
4.856042458E0,-1.750953123E-2,-3.900894225E-1,-1.603869677E0
4.865991458E0,-1.323009748E-2,-3.744329810E-1,-1.612478852E0
4.875941458E0,1.581027359E-2,-3.462823033E-1,-1.595351338E0
4.885890458E0,6.772965938E-2,-3.314005435E-1,-1.548188090E0
4.895840458E0,1.216130033E-1,-3.439352214E-1,-1.478948355E0
4.905789458E0,1.832992733E-1,-3.744667768E-1,-1.381419182E0
4.915739458E0,2.497485876E-1,-4.033781588E-1,-1.272507668E0
4.925689458E0,2.853880525E-1,-4.376668930E-1,-1.177952170E0
4.935638458E0,2.880406678E-1,-4.758011401E-1,-1.096785903E0
4.945588458E0,2.472122610E-1,-5.139262080E-1,-1.029228687E0
4.955537458E0,1.794814765E-1,-5.426558852E-1,-9.694783688E-1
4.965487458E0,9.495274723E-2,-5.597386956E-1,-9.249255657E-1
4.975436458E0,2.047325484E-2,-5.586673617E-1,-8.920495510E-1
4.985386458E0,-4.038663208E-2,-5.480464101E-1,-8.760838509E-1
4.995335458E0,-6.876900792E-2,-5.128495097E-1,-8.771587014E-1
5.005285458E0,-7.115360349E-2,-4.633064568E-1,-8.828405738E-1
5.015234458E0,-5.638639629E-2,-4.019510448E-1,-8.823109269E-1
5.025184458E0,-4.896230251E-2,-3.330425322E-1,-8.756067157E-1
5.035134458E0,-5.650811642E-2,-2.696816921E-1,-8.561713696E-1
5.045083458E0,-8.251122385E-2,-2.168661654E-1,-8.305312395E-1
5.055033458E0,-1.306744516E-1,-1.659488231E-1,-8.050356507E-1
5.064982458E0,-1.788190752E-1,-1.181682497E-1,-7.921126485E-1
5.074932458E0,-2.223186195E-1,-8.496661484E-2,-7.876099348E-1
5.084881458E0,-2.538251281E-1,-5.428113416E-2,-8.026764989E-1
5.094831458E0,-2.640028894E-1,-1.240853220E-2,-8.347343206E-1
5.104780458E0,-2.664668560E-1,1.852621511E-2,-8.714350462E-1
5.114730458E0,-2.829746306E-1,1.808394678E-2,-9.063578248E-1
5.124680458E0,-3.296340108E-1,7.163122296E-3,-9.285747409E-1
5.134629458E0,-3.813214600E-1,-2.367902361E-2,-9.341308475E-1
5.144579458E0,-4.228012562E-1,-5.963223428E-2,-9.176980853E-1
5.154528458E0,-4.231675863E-1,-6.729583442E-2,-9.046849608E-1
5.164478458E0,-3.981615901E-1,-1.883215830E-2,-8.882359266E-1
5.174427458E0,-3.469402790E-1,5.383138731E-2,-8.834447265E-1
5.184377458E0,-2.860380411E-1,1.491395384E-1,-8.737990260E-1
5.194326458E0,-2.375873923E-1,2.750302255E-1,-8.594855070E-1
5.204276458E0,-2.258593589E-1,3.719564974E-1,-8.304732442E-1
5.214225458E0,-2.692537010E-1,3.931790292E-1,-7.876965404E-1
5.224175458E0,-3.654822111E-1,3.705962002E-1,-7.525795698E-1
5.234125458E0,-4.990329146E-1,2.985951304E-1,-7.308880091E-1
5.244074458E0,-6.426356435E-1,1.812126040E-1,-7.358177900E-1
5.254024458E0,-7.725489736E-1,4.542288929E-2,-7.563852668E-1
5.263973458E0,-8.597885370E-1,-6.908877939E-2,-7.806823850E-1
5.273923458E0,-8.835727572E-1,-1.479466408E-1,-7.902272940E-1
5.283872458E0,-8.392249942E-1,-2.120758146E-1,-7.727795839E-1
5.293822458E0,-7.325471640E-1,-2.515640259E-1,-7.211397886E-1
5.303771458E0,-5.654290318E-1,-2.583843768E-1,-6.466607451E-1
5.313721458E0,-3.448083997E-1,-2.408998609E-1,-5.670866370E-1
5.323671458E0,-9.178734571E-2,-1.766287386E-1,-4.835384786E-1
5.333620458E0,2.058205307E-1,-4.935251176E-2,-3.772916198E-1
5.343570458E0,5.085862875E-1,1.107191816E-1,-2.530719340E-1
5.353519458E0,7.644450665E-1,2.214113474E-1,-1.270083487E-1
5.363469458E0,9.423183799E-1,2.416345924E-1,-1.869944669E-2
5.373418458E0,1.042043090E0,1.942802817E-1,5.218766630E-2
5.383368458E0,1.063957691E0,9.483226389E-2,8.869507164E-2
5.393317458E0,1.021306276E0,-4.667055979E-2,7.736703008E-2
5.403267458E0,9.101240635E-1,-2.251337767E-1,2.825647406E-2
5.413216458E0,7.447945476E-1,-4.268486500E-1,-5.352180824E-2
5.423166458E0,5.369473100E-1,-6.026567221E-1,-1.578836441E-1
5.433116458E0,3.224595189E-1,-7.189193368E-1,-2.754611969E-1
5.443065458E0,1.213498563E-1,-7.744342089E-1,-3.936621547E-1
5.453015458E0,-5.753774941E-2,-7.787433267E-1,-5.151583552E-1
5.462964458E0,-2.052435875E-1,-7.323263288E-1,-6.336959004E-1
5.472914458E0,-3.200066090E-1,-6.328687072E-1,-7.316358685E-1
5.482863458E0,-4.045166969E-1,-5.156581998E-1,-7.997677326E-1
5.492813458E0,-4.597269595E-1,-4.177182019E-1,-8.300507069E-1
5.502762458E0,-4.715681672E-1,-3.362955153E-1,-8.281204104E-1
5.512712458E0,-4.445019662E-1,-2.804776132E-1,-8.036617637E-1
5.522661458E0,-3.706844747E-1,-2.393421680E-1,-7.584133148E-1
5.532611458E0,-2.799839377E-1,-1.939246804E-1,-6.867233515E-1
5.542561458E0,-1.752495617E-1,-1.637518704E-1,-5.915432572E-1
5.552510458E0,-8.878560364E-2,-1.574690491E-1,-4.803355932E-1
5.562460458E0,-3.291914240E-2,-1.699294597E-1,-3.743993342E-1
5.572409458E0,-8.595020510E-3,-2.137560248E-1,-2.900650501E-1
5.582359458E0,-1.330455486E-2,-2.721421123E-1,-2.289812118E-1
5.592308458E0,-4.517774284E-2,-3.368532062E-1,-1.966821402E-1
5.602258458E0,-9.800473601E-2,-4.092917144E-1,-1.860300303E-1
5.612207458E0,-1.594718099E-1,-4.737297893E-1,-2.028192729E-1
5.622157458E0,-2.136165500E-1,-5.245495439E-1,-2.358155698E-1
5.632107458E0,-2.593641579E-1,-5.392442942E-1,-2.764554024E-1
5.642056458E0,-3.013734221E-1,-5.513928533E-1,-3.122328222E-1
5.652006458E0,-3.516136408E-1,-5.592836142E-1,-3.433160186E-1
5.661955458E0,-3.991374671E-1,-5.498927832E-1,-3.652253151E-1
5.671905458E0,-4.250304699E-1,-5.193357468E-1,-3.737806082E-1
5.681854458E0,-4.325176775E-1,-4.949430227E-1,-3.738833964E-1
5.691804458E0,-4.137656391E-1,-4.988490641E-1,-3.649985194E-1
5.701753417E0,-3.601199687E-1,-5.275017619E-1,-3.661098778E-1
5.711703417E0,-2.845374346E-1,-5.682658553E-1,-3.920130134E-1
5.721652417E0,-2.123117000E-1,-6.160488129E-1,-4.369461238E-1
5.731602417E0,-1.538536698E-1,-6.900932789E-1,-5.012798309E-1
5.741552417E0,-1.282950491E-1,-7.760348320E-1,-5.683339834E-1
5.751501417E0,-1.134347320E-1,-8.394408226E-1,-6.213658452E-1
5.761451417E0,-1.053959802E-1,-8.722246289E-1,-6.659562588E-1
5.771400417E0,-9.880050272E-2,-8.557038903E-1,-7.016789317E-1
5.781350417E0,-6.306647509E-2,-7.678685784E-1,-7.336419225E-1
5.791299417E0,-2.109259367E-4,-6.226313710E-1,-7.597737908E-1
5.801249417E0,7.644417137E-2,-4.418653548E-1,-7.736549973E-1
5.811198417E0,1.542469561E-1,-2.533271313E-1,-7.735741138E-1
5.821148417E0,1.971662045E-1,-1.179389432E-1,-7.662312388E-1
5.831097417E0,1.991156191E-1,-9.345606714E-2,-7.688473463E-1
5.841047417E0,1.465416104E-1,-1.525058001E-1,-7.929137945E-1
5.850997417E0,4.570158944E-2,-2.771455646E-1,-8.503980637E-1
5.860946417E0,-8.400926739E-2,-3.929278255E-1,-9.400619268E-1
5.870896417E0,-2.328741848E-1,-4.567335248E-1,-1.039716721E0
5.880845417E0,-3.483025432E-1,-4.360162616E-1,-1.119930267E0
5.890795417E0,-4.155580103E-1,-3.215805888E-1,-1.161902070E0
5.900744417E0,-4.052214622E-1,-1.777837425E-1,-1.149713755E0
5.910694417E0,-3.205798566E-1,-1.539138518E-2,-1.069567919E0
5.920643417E0,-1.744308919E-1,1.436470002E-1,-9.259562492E-1
5.930593417E0,9.182687849E-3,2.560659647E-1,-7.295233607E-1
5.940543417E0,2.085213661E-1,3.179770112E-1,-5.085494518E-1
5.950492417E0,3.888257742E-1,3.123287857E-1,-2.998136878E-1
5.960442417E0,5.234699249E-1,2.135044932E-1,-1.363959759E-1
5.970391417E0,5.879967213E-1,4.453953728E-2,-3.700699285E-2
5.980341417E0,5.824818015E-1,-1.374869943E-1,1.766767586E-3
5.990290417E0,5.177994967E-1,-3.057959974E-1,-1.430463325E-2
6.000240417E0,4.068068862E-1,-4.148724377E-1,-7.635069638E-2
6.010189417E0,2.706281841E-1,-4.254511297E-1,-1.816758215E-1
6.020139417E0,1.152186245E-1,-3.669590652E-1,-3.203498423E-1
6.030088417E0,-3.009477444E-2,-2.781410515E-1,-4.659496844E-1
6.040038417E0,-1.489721686E-1,-1.641852111E-1,-5.972233415E-1
6.049988417E0,-2.346509546E-1,-7.685952634E-2,-6.939625144E-1
6.059937417E0,-2.873250842E-1,-2.002953552E-2,-7.433923483E-1
6.069887417E0,-2.996345460E-1,2.089421079E-2,-7.429760695E-1
6.079836417E0,-2.607867420E-1,3.861302137E-2,-7.096889019E-1
6.089786417E0,-1.806875914E-1,2.604048699E-2,-6.644709110E-1
6.099735417E0,-7.923446596E-2,-5.047123414E-3,-6.136642098E-1
6.109685417E0,1.596610993E-2,-4.675798863E-2,-5.716258287E-1
6.119634417E0,1.080140099E-1,-9.050147235E-2,-5.362505317E-1
6.129584417E0,1.666504890E-1,-1.369054466E-1,-4.920260012E-1
6.139534417E0,2.053792477E-1,-1.915487200E-1,-4.525478184E-1
6.149483417E0,2.230492532E-1,-2.367505580E-1,-4.124793410E-1
6.159433417E0,2.168145329E-1,-2.605541646E-1,-3.867148459E-1
6.169382417E0,1.977165490E-1,-2.582553029E-1,-3.771754205E-1
6.179332417E0,1.532284319E-1,-2.396222353E-1,-3.683720827E-1
6.189281417E0,1.014962420E-1,-2.139334679E-1,-3.594660163E-1
6.199231417E0,4.438821971E-2,-1.886259913E-1,-3.540177345E-1
6.209180417E0,-9.595501237E-3,-1.591095477E-1,-3.490398526E-1
6.219130417E0,-5.873534828E-2,-1.368812174E-1,-3.486576974E-1
6.229079417E0,-1.091628671E-1,-1.181438342E-1,-3.450528979E-1
6.239029417E0,-1.673124433E-1,-9.945244342E-2,-3.410145044E-1
6.248979417E0,-2.182495743E-1,-7.857877016E-2,-3.283037245E-1
6.258928417E0,-2.549008131E-1,-5.087922886E-2,-3.103479147E-1
6.268878417E0,-2.638927698E-1,-1.549868379E-2,-2.937625647E-1
6.278827417E0,-2.435172051E-1,3.055669367E-2,-2.745646238E-1
6.288777417E0,-1.915498674E-1,9.858482331E-2,-2.545832694E-1
6.298726417E0,-1.161302105E-1,1.638610363E-1,-2.483932823E-1
6.308676417E0,-4.779590666E-2,2.023226023E-1,-2.499666214E-1
6.318625417E0,1.328661852E-2,2.181156725E-1,-2.649490237E-1
6.328575417E0,6.223074347E-2,2.072149068E-1,-2.828748226E-1
6.338525417E0,9.049886465E-2,1.705077589E-1,-3.073556721E-1
6.348474417E0,8.226983249E-2,8.822273463E-2,-3.362028301E-1
6.358424417E0,3.520352021E-2,-2.829029411E-2,-3.810776472E-1
6.368373417E0,-3.923517093E-2,-1.602950096E-1,-4.341403246E-1
6.378323417E0,-1.096944213E-1,-2.763832510E-1,-4.817696214E-1
6.388272417E0,-1.482870281E-1,-3.374838829E-1,-5.269975662E-1
6.398222417E0,8.716703393E-3,-2.035633922E-1,-6.367136836E-1
6.408171417E0,1.613029540E-1,-3.202347159E-1,-6.580476165E-1
6.418121417E0,2.889626324E-1,-4.477074444E-1,-5.873915553E-1
6.428070417E0,4.170738161E-1,-4.704417586E-1,-4.482044578E-1
6.438020417E0,5.412887335E-1,-3.591450751E-1,-2.838608027E-1
6.447970417E0,6.425234675E-1,-1.946864575E-1,-1.180417985E-1
6.457919417E0,7.024261951E-1,-3.942522779E-2,4.142482206E-2
6.467869417E0,7.067018747E-1,6.619696319E-2,1.504851580E-1
6.477818417E0,6.667014956E-1,1.791903526E-1,1.228985339E-1
6.487768417E0,5.901429057E-1,1.399812009E-2,5.033923313E-2
6.497717417E0,5.227832794E-1,-1.273632795E-1,3.997836728E-3
6.507667417E0,4.791019261E-1,-4.262155667E-2,-6.685727835E-2
6.517616417E0,4.537140131E-1,1.227982938E-1,-1.145193353E-1
6.527566417E0,4.581564963E-1,3.231337965E-1,-1.178547144E-1
6.537516417E0,4.635840356E-1,5.092716813E-1,-7.344649732E-2
6.547465417E0,4.644509256E-1,6.507573128E-1,1.100342628E-2
6.557415417E0,4.477584958E-1,7.496604919E-1,1.205826476E-1
6.567364417E0,4.142844081E-1,7.967846990E-1,2.266877592E-1
6.577314417E0,3.613511622E-1,7.773689032E-1,3.278000057E-1
6.587263417E0,2.825476527E-1,7.117208242E-1,4.185137153E-1
6.597213417E0,1.892078519E-1,6.042692065E-1,4.823728502E-1
6.607162417E0,8.439540118E-2,4.518684745E-1,5.300003886E-1
6.617112417E0,-2.786083147E-2,2.670181990E-1,5.556815267E-1
6.627061417E0,-1.287015826E-1,7.462544739E-2,5.493810773E-1
6.637011417E0,-2.179915160E-1,-8.478790522E-2,5.150129795E-1
6.646961417E0,-2.880401313E-1,-1.938929409E-1,4.493536055E-1
6.656910417E0,-3.397715092E-1,-2.345889807E-1,3.686012626E-1
6.666860417E0,-3.697179258E-1,-1.811954230E-1,2.759427428E-1
6.676809417E0,-3.760666251E-1,-5.556346476E-2,1.797757298E-1
6.686759417E0,-3.693649471E-1,1.008340418E-1,9.833133221E-2
6.696708417E0,-3.487771153E-1,2.374004126E-1,4.285050184E-2
6.706657542E0,-3.230712712E-1,3.345979154E-1,1.273718383E-2
6.716606542E0,-2.781703770E-1,3.752348125E-1,5.299241282E-3
6.726556542E0,-2.266410142E-1,3.679976463E-1,1.141565945E-2
6.736505542E0,-1.652498245E-1,3.187592626E-1,2.840556204E-2
6.746455542E0,-1.141747683E-1,2.510068715E-1,4.356940091E-2
6.756405542E0,-7.561832666E-2,1.745627075E-1,5.491739511E-2
6.766354542E0,-3.698717803E-2,1.125219613E-1,5.810366571E-2
6.776304542E0,2.005494898E-3,7.298067957E-2,4.147888348E-2
6.786253542E0,3.020781092E-2,4.363734275E-2,2.215064690E-2
6.796203542E0,5.413897708E-2,1.859403774E-2,9.457223117E-3
6.806152542E0,6.297136843E-2,-1.098587923E-2,-4.758867435E-4
6.816102542E0,5.139513686E-2,-5.962105840E-2,2.606722293E-3
6.826051542E0,3.354756907E-2,-1.258458644E-1,2.403045073E-2
6.836001542E0,1.700348035E-2,-1.908094287E-1,5.212706327E-2
6.845951542E0,1.777661219E-2,-2.329062074E-1,7.458545268E-2
6.855900542E0,4.459331185E-2,-2.308822125E-1,6.161239371E-2
6.865850542E0,9.810908884E-2,-2.380580008E-1,-1.805409789E-3
6.875799542E0,1.814353913E-1,-2.730815113E-1,-5.512935296E-2
6.885749542E0,2.809122801E-1,-2.625009418E-1,-9.737543762E-2
6.895698542E0,3.775863647E-1,-2.355867624E-1,-1.341987103E-1
6.905648542E0,4.783894420E-1,-2.453452796E-1,-1.560621113E-1
6.915597542E0,5.513619184E-1,-3.015193641E-1,-1.689898968E-1
6.925547542E0,5.937641859E-1,-3.893141747E-1,-1.864612550E-1
6.935496542E0,6.061374545E-1,-4.775430858E-1,-2.236262113E-1
6.945446542E0,6.013385057E-1,-5.516304374E-1,-2.966741920E-1
6.955396542E0,5.581151843E-1,-6.103824377E-1,-3.966740370E-1
6.965345542E0,4.812903106E-1,-6.555484533E-1,-4.936399758E-1
6.975295542E0,3.895321488E-1,-6.322036982E-1,-5.690838695E-1
6.985244542E0,3.044006228E-1,-5.721506476E-1,-6.091107726E-1
6.995194542E0,2.386711538E-1,-4.806162119E-1,-6.127808690E-1
7.005143542E0,2.147924453E-1,-3.524375558E-1,-5.939618945E-1
7.015093542E0,2.366801649E-1,-1.975004375E-1,-5.501744747E-1
7.025042542E0,2.874031961E-1,-3.616081551E-2,-5.080319047E-1
7.034992542E0,3.473789096E-1,1.162082180E-1,-5.015031695E-1
7.044942542E0,3.819594979E-1,2.070753574E-1,-5.492051840E-1
7.054891542E0,3.647935688E-1,1.847902983E-1,-6.370623112E-1
7.064841542E0,2.908511758E-1,9.158116579E-2,-7.541894317E-1
7.074790542E0,1.828211248E-1,-1.025944203E-2,-8.797495365E-1
7.084740542E0,8.614876866E-2,-1.810831949E-2,-9.632110596E-1
7.094689542E0,3.830588236E-2,1.354940236E-1,-9.867813587E-1
7.104639542E0,5.685304478E-2,3.643462956E-1,-9.596849084E-1
7.114588542E0,1.241905466E-1,5.430518389E-1,-8.673864007E-1
7.124538542E0,2.159427553E-1,6.454955935E-1,-7.243595123E-1
7.134487542E0,3.693900704E-1,7.625042200E-1,-5.470526218E-1
7.144437542E0,5.359758735E-1,7.931284308E-1,-3.572488725E-1
7.154387542E0,6.756245494E-1,7.125625014E-1,-1.721496135E-1
7.164336542E0,7.780308723E-1,6.075742245E-1,-3.164067864E-2
7.174286542E0,8.601697087E-1,4.879641831E-1,3.093002364E-2
7.184235542E0,9.025327563E-1,3.190478086E-1,2.181747556E-2
7.194185542E0,9.012264609E-1,8.264538646E-2,-3.911085427E-2
7.204134542E0,8.014900684E-1,-2.396968007E-1,-1.149222702E-1
7.214084542E0,6.534510851E-1,-4.643829167E-1,-2.073147893E-1
7.224033542E0,4.857221246E-1,-5.660711527E-1,-2.866782248E-1
7.233983542E0,3.083571792E-1,-6.039999127E-1,-3.408996463E-1
7.243933542E0,1.307168007E-1,-6.037045717E-1,-3.660216033E-1
7.253882542E0,-2.088897116E-2,-5.653441548E-1,-3.517363966E-1
7.263832542E0,-1.417924166E-1,-4.703297317E-1,-3.246511817E-1
7.273781542E0,-2.326858491E-1,-3.166653514E-1,-2.994651198E-1
7.283731542E0,-2.880351841E-1,-1.127400249E-1,-2.777346969E-1
7.293680542E0,-3.190546334E-1,8.867724240E-2,-2.513214946E-1
7.303630542E0,-3.199374974E-1,2.588654160E-1,-2.096265554E-1
7.313579542E0,-2.914411426E-1,3.974267542E-1,-1.441516876E-1
7.323529542E0,-2.404667288E-1,4.954847693E-1,-7.223066688E-2
7.333478542E0,-1.702370495E-1,5.504034162E-1,-1.844387501E-3
7.343428542E0,-9.507020563E-2,5.495697856E-1,5.538064241E-2
7.353378542E0,-1.125067379E-2,4.946764410E-1,9.651316702E-2
7.363327542E0,7.718273252E-2,4.165343046E-1,1.083696708E-1
7.373277542E0,1.497344375E-1,3.142817020E-1,1.092836633E-1
7.383226542E0,1.936097890E-1,1.949991733E-1,1.010430679E-1
7.393176542E0,2.049716413E-1,1.498465985E-1,1.028777137E-1
7.403125542E0,1.837023050E-1,2.146200091E-1,1.209075823E-1
7.413075542E0,1.360639483E-1,3.222923875E-1,1.563638449E-1
7.423024542E0,8.034053445E-2,4.669192731E-1,1.999966949E-1
7.432974542E0,8.795782924E-3,6.045932174E-1,2.424594760E-1
7.442923542E0,-9.084608406E-2,6.982003450E-1,2.631101608E-1
7.452873542E0,-1.868887097E-1,7.394295335E-1,2.505443096E-1
7.462823542E0,-2.872069478E-1,7.020615935E-1,2.321720868E-1
7.472772542E0,-3.745937943E-1,6.017925143E-1,2.051940113E-1
7.482722542E0,-4.438496828E-1,4.996406734E-1,1.581195891E-1
7.492671542E0,-4.848892391E-1,4.088684022E-1,9.397068620E-2
7.502621542E0,-5.360201597E-1,3.385269642E-1,2.363328449E-2
7.512570542E0,-5.850896835E-1,3.349021375E-1,-4.390767589E-2
7.522520542E0,-6.080228090E-1,4.066936374E-1,-8.806492388E-2
7.532469542E0,-6.070699096E-1,4.859085679E-1,-9.217338264E-2
7.542419542E0,-5.709852576E-1,5.679714680E-1,-5.425326526E-2
7.552369542E0,-5.113235116E-1,6.499417424E-1,8.327822201E-3
7.562318542E0,-4.767061770E-1,6.848538518E-1,7.971244305E-2
7.572268542E0,-4.844847322E-1,6.748341918E-1,1.539616436E-1
7.582217542E0,-5.143362880E-1,6.551930308E-1,2.173122466E-1
7.592167542E0,-5.459517837E-1,6.332336664E-1,2.672334611E-1
7.602116542E0,-5.687897205E-1,5.960014462E-1,3.064575493E-1
7.612066542E0,-5.612383485E-1,5.597544909E-1,3.351016939E-1
7.622015542E0,-5.180544257E-1,5.097291470E-1,3.642180860E-1
7.631965542E0,-4.294340014E-1,4.626580477E-1,3.943916857E-1
7.641914542E0,-3.165419698E-1,4.215339720E-1,4.256783724E-1
7.651864542E0,-1.957188696E-1,3.892905414E-1,4.599732161E-1
7.661814542E0,-5.997797847E-2,3.696997166E-1,5.203253627E-1
7.671763542E0,8.029736578E-2,3.513510525E-1,6.061925888E-1
7.681713542E0,2.272242606E-1,3.142863214E-1,6.779088378E-1
7.691662542E0,3.469703496E-1,2.269231826E-1,7.127456665E-1
7.701612542E0,4.299159348E-1,9.114760906E-2,7.024210095E-1
7.711562542E0,4.506491721E-1,-7.993678749E-2,6.732385755E-1
7.721512542E0,4.229588807E-1,-2.116101384E-1,6.284502745E-1
7.731461542E0,3.595689833E-1,-2.964994311E-1,5.786038637E-1
7.741411542E0,2.821468711E-1,-3.232566714E-1,5.171697736E-1
7.751360542E0,1.872035712E-1,-2.958431542E-1,4.489824772E-1
7.761310542E0,1.053036004E-1,-2.081931233E-1,3.949936628E-1
7.771260542E0,1.496438403E-2,-9.080258757E-2,3.695716560E-1
7.781209542E0,-6.441841274E-2,6.190405041E-2,3.645294309E-1
7.791159542E0,-1.248577833E-1,2.321029454E-1,3.580286503E-1
7.801108542E0,-1.400908530E-1,3.617973030E-1,3.449666798E-1
7.811058542E0,-4.115282744E-2,5.687773824E-1,3.075500727E-1
7.821007542E0,1.057387143E-1,5.170254111E-1,2.675113082E-1
7.830957542E0,1.904466748E-1,2.919491529E-1,2.484273612E-1
7.840906542E0,2.278671116E-1,2.075174451E-1,2.224574536E-1
7.850856542E0,1.999984682E-1,1.875392050E-1,2.079498917E-1
7.860805542E0,1.230033264E-1,1.696706414E-1,1.939225048E-1
7.870755542E0,5.080050975E-2,1.900134683E-1,1.685710847E-1
7.880705542E0,-5.575365387E-3,2.248624414E-1,1.385632753E-1
7.890654542E0,-3.094117716E-2,3.110324740E-1,1.175567806E-1
7.900604542E0,-3.379563242E-2,4.189991355E-1,8.892250806E-2
7.910553542E0,-4.356277362E-2,5.130814314E-1,4.422401637E-2
7.920503542E0,5.526942760E-2,6.637501717E-1,-1.104375813E-2
7.930452542E0,8.837492019E-2,4.807063043E-1,-5.192647502E-2
7.940402542E0,6.410632282E-2,2.290506065E-1,-1.035629064E-1
7.950351542E0,-1.171600632E-2,3.327391297E-2,-1.695810556E-1
7.960301542E0,-1.156224906E-1,-1.443277597E-1,-2.258083522E-1
7.970251542E0,-1.987722367E-1,-2.569765449E-1,-2.560482919E-1
7.980200542E0,-2.178206742E-1,-3.007314205E-1,-2.518502772E-1
7.990150542E0,-1.677851975E-1,-3.052433431E-1,-2.322667539E-1
8.000099542E0,-7.204740494E-2,-3.078270257E-1,-2.094739079E-1
8.010049542E0,3.808496147E-2,-3.106891215E-1,-2.045550495E-1
8.019998542E0,1.324500442E-1,-2.827891409E-1,-2.043204904E-1
8.029948542E0,1.791797429E-1,-2.575239837E-1,-2.040871978E-1
8.039897542E0,1.683235466E-1,-2.740900218E-1,-2.141582519E-1
8.049847542E0,8.343421668E-2,-3.169346750E-1,-2.489436716E-1
8.059796542E0,1.649967954E-2,-2.760529518E-1,-2.885547876E-1
8.069746542E0,-1.121370681E-2,-2.474372834E-1,-3.220485449E-1
8.079696542E0,1.591967046E-2,-2.345149964E-1,-3.536823094E-1
8.089645542E0,7.800354809E-2,-2.038095444E-1,-3.834410012E-1
8.099595542E0,1.668503731E-1,-1.646689028E-1,-4.029046893E-1
8.109544542E0,2.515394390E-1,-1.200854555E-1,-4.199212193E-1
8.119494542E0,3.058683872E-1,-9.245833755E-2,-4.563036859E-1
8.129443542E0,3.376332223E-1,-8.215350658E-2,-5.177644491E-1
8.139393542E0,3.381342292E-1,-6.293569505E-2,-5.885089040E-1
8.149342542E0,2.297028303E-1,-2.316218056E-2,-6.288040876E-1
8.159292542E0,5.138698593E-2,-2.684222348E-2,-6.421903372E-1
8.169241542E0,-9.761927277E-2,-4.672112688E-2,-6.276071668E-1
8.179191542E0,-1.653902680E-1,-1.666681655E-2,-5.975015759E-1
8.189141542E0,-1.529818028E-1,2.353786118E-2,-5.506400466E-1
8.199090542E0,-8.106397837E-2,3.202783316E-2,-4.928043783E-1
8.209040542E0,3.554093093E-2,5.295974389E-2,-4.275318980E-1
8.218989542E0,1.422410756E-1,4.458863288E-2,-3.837235868E-1
8.228939542E0,1.643344015E-1,1.645427197E-3,-3.541278839E-1
8.238888542E0,9.082622826E-2,-7.742275298E-2,-3.042687774E-1